Nombre de archivo,texto,etiqueta
DS_IMG_10.jpg,racista no puedes ser si mas no existen razas,discurso de odio
DS_IMG_1002.jpg,yo pruebax 8 la 1 saco en km 7x igo ns i saca am yos madlardo burro,Inofensivo
DS_IMG_1005.jpg,ahi el pedalea rapido hijo viene dueno,Inofensivo
DS_IMG_1006.jpg,debes quererte y tal cual aceptarte ly eres ao yo a los aconsejo que,Inofensivo
DS_IMG_1007.jpg,he contado las jle feministal aliado ventajas de un ser nwn bi,Inofensivo
DS_IMG_1008.jpg,la dios unica regla es que evai dotoicito e,Inofensivo
DS_IMG_101.jpg,memes feministas memes racistas de memes south park,discurso de odio
DS_IMG_1010.jpg,tlo teisenbers mama mierda laamatar mi me xzev,Inofensivo
DS_IMG_1011.jpg,cuando venezolano un se da dios le entera que pan al dientes tiene no que,Inofensivo
DS_IMG_1013.jpg,cuando el esta 9010 cp en piden te tu celular prestado y ndahora porbavor,Inofensivo
DS_IMG_1014.jpg,un chico toca que un instrumento tocara no oo jamas arma un dix oon xd,Inofensivo
DS_IMG_1015.jpg,anio yisus cada eil enlia idelaresureccion fiesta,Inofensivo
DS_IMG_1016.jpg,tla venezolana quiere no ser mi noviar yo mochila la lin pan en con,Inofensivo
DS_IMG_1017.jpg,si mananan muriera dirias hoy2 ique me juanitomemes dinero prestame manana pago te,Inofensivo
DS_IMG_1019.jpg,caminando por la negro calle vialun televisor cargandoun separece pense al mioo mio esta casa pero el en limpiando mis zapatos memaganeraton ne,Inofensivo
DS_IMG_1021.jpg,cfe wenas tardes wenas tardes senor fe lk vengo pagar a la luz cee,Inofensivo
DS_IMG_1022.jpg,xwey la mera eres verga automaticamente yoi,Inofensivo
DS_IMG_1023.jpg,yor bien sin nadie estoy mi cuerpo s cogerl quiero tlosice tions dr,Inofensivo
DS_IMG_1025.jpg,desmotivaciones es cuando dicen te gemelas tires te que a unas,Inofensivo
DS_IMG_1026.jpg,rock memes re correll corre nino,Inofensivo
DS_IMG_1028.jpg,yo racista no soy pero los negros tienen hambre si que se coman alos gitanos memegeneratores,discurso de odio
DS_IMG_1029.jpg,nino cuando al cancer ves con de usando filtro edad el para ver de vera viejitons como se,Inofensivo
DS_IMG_1031.jpg,solo un bocado mas y listo totali manana me mato gyms en el,Inofensivo
DS_IMG_1032.jpg,hijos los les a veces a de victimas las toca ser de cagadas los padres o,discurso de odio
DS_IMG_1033.jpg,doble ati ija m por berrinchuda toxicay,Inofensivo
DS_IMG_1035.jpg,cuando sube muerto se te el andas bien filoso pero,Inofensivo
DS_IMG_1036.jpg,del cumpleanos de lo mejor sobrino fue cuando el ilego mi capitan centroamerica jsl a,Inofensivo
DS_IMG_1038.jpg,woow romanticos amor eres un todas pusiste velas partes en tienesy ique sorpresa me nos la luze cortaron,Inofensivo
DS_IMG_1039.jpg,cc no puedes de la gente tu sacar a vida s asi nomas yo u,Inofensivo
DS_IMG_1040.jpg,cantando cuando tu auto vas en y haces los tu mismo te coros e,Inofensivo
DS_IMG_1041.jpg,papa el rolex viste senor paso2 del que quex nos hijo ipor preguntame horales la men,Inofensivo
DS_IMG_1042.jpg,asi despedir quiero me causando problemas final hasta el,Inofensivo
DS_IMG_1047.jpg,diferencia en que se del acne un cura el en que acne espera anos 121 tengas a que,Inofensivo
DS_IMG_105.jpg,todos cuando te cantan feliz cumpleanos no y idea de que hacer tienes ni,Inofensivo
DS_IMG_1050.jpg,que jabon azulp es un judio pitufo un,Inofensivo
DS_IMG_1051.jpg,cuando tambien pero ya hacer aprendiste extranas a a ida china tu com perro a,discurso de odio
DS_IMG_1052.jpg,papa humor cel negro que es ese hombre brazost sin t ves dile aplauda que papa ciego pero soy exacto t storishif memedroid l,discurso de odio
DS_IMG_1053.jpg,asi de fa iso i tu era amor por m,Inofensivo
DS_IMG_1054.jpg,mi religiosa tia le pelo super conese ya ese o ya pareces gayt yo jesus 2 entonces era geys mi mmn mis tia primos v,Inofensivo
DS_IMG_1055.jpg,dejame saber si yoi hay algo con pueda ayudarte lo que tambien yoi croersoe lumoe,Inofensivo
DS_IMG_1056.jpg,cuando que siempre te preguntan por mal amigo tratas tu a negrouas mabal state dolares mio pague 2 ell es por,discurso de odio
DS_IMG_1057.jpg,la increiblellilo ismo sin mama acento m msa,Inofensivo
DS_IMG_1058.jpg,que viva la menstruacion ldiotalli es la revolucion como sea igual va a correr sangre,Inofensivo
DS_IMG_1060.jpg,es bella mivida pero poetica macion sin bl jjaez joveshs momos pabloemelio aohl buena frase que anotala mario hugo,Inofensivo
DS_IMG_1061.jpg,verdad pues aqui vivimos la del principalmente turismoss com estoygilipollas d www,Inofensivo
DS_IMG_1062.jpg,pierde familia pierde el leon mi y,Inofensivo
DS_IMG_1063.jpg,ahora el viene vacio que camion doy cuanta me que yo huele sobaco el que a soy tx tl,Inofensivo
DS_IMG_1065.jpg,el vendedor pollos l yo despues de de preguntarle si tenia pescuezos,Inofensivo
DS_IMG_1066.jpg,icual poderi es tu ocultarme d ai horno v,Inofensivo
DS_IMG_1067.jpg,tranquilas mujer soy s s l c d g s s,discurso de odio
DS_IMG_1068.jpg,cuando vas un a mamay restaurante tu con hay descuento parejas para ao q bld,Inofensivo
DS_IMG_107.jpg,mas corre que ique negro con un una television robadae su hermano con el dvd mmcgneratioine,discurso de odio
DS_IMG_1070.jpg,no entiendo porque rechazaron mi proyectoen aceerets ca ues,Inofensivo
DS_IMG_1071.jpg,mijo usted que estudio actuacion zuela ameme tio ayudele su vava a con la obra imagecheficom,Inofensivo
DS_IMG_1072.jpg,yo odio puedes la quitar tu ropate minovios x escucha amiguito eso,Inofensivo
DS_IMG_1073.jpg,podia le dijeron que no musico ser por sordera su omaurobrunettipian escucho el pero no los,Inofensivo
DS_IMG_1075.jpg,cuando das te cuenta que no es mugre ooe aalexesmu,Inofensivo
DS_IMG_1076.jpg,no puedes ser racista si no existen razas,discurso de odio
DS_IMG_1077.jpg,despues las morras ciclos de cerrar crmi tl men orrnn,Inofensivo
DS_IMG_1079.jpg,si adivinan animal que es no voy manana trabajar a,Inofensivo
DS_IMG_108.jpg,debate team b team es porque soy negroe,Inofensivo
DS_IMG_1080.jpg,cuando la lenteja comiensa florecer a,Inofensivo
DS_IMG_1082.jpg,nunca falta gracioso el que foto hace arruina la caras y,Inofensivo
DS_IMG_1083.jpg,imposible todo es representar un sola fotograf pais con una,Inofensivo
DS_IMG_1084.jpg,hara doblar como las para sabanas,Inofensivo
DS_IMG_1085.jpg,cuando trabajar trabaje quieren que a voy y,Inofensivo
DS_IMG_1086.jpg,cuando dice papa tienes te tu que madre los mismos ojos tu que v,Inofensivo
DS_IMG_1087.jpg,quijote down,Inofensivo
DS_IMG_1088.jpg,un dia normal en africa subsahariana sudeste asiatico haiti venezuela colombia argentina m y agua sal aperiltivo agua como con y plato ipal princ azucar con como,Inofensivo
DS_IMG_1089.jpg,del la venganza monaguillo memen noticial,Inofensivo
DS_IMG_1092.jpg,hijo de madre los ojos sacaste tu eno jefe seas mamon,discurso de odio
DS_IMG_1094.jpg,chicas de diganme ustedes icuantas se se necesitan hacer marchal asi para una esy menos una fue ultimo chiste hizo yese el franco que escamilla de cancelado antes ser anos beristripses,discurso de odio
DS_IMG_1095.jpg,si las te gustan conchas cualquiera no te comas mejor ia la comete mi,Inofensivo
DS_IMG_1096.jpg,porque ama soy hernandez hernandez,Inofensivo
DS_IMG_1097.jpg,cuando sesion de hacen fotos le la a bendicion do todavia ni cumple que no de ido el nac mes,Inofensivo
DS_IMG_1099.jpg,de monaguillo buen cigarrilo despues un un s as,Inofensivo
DS_IMG_11.jpg,escuelas de alemania los en anos 40s ninos seanracistas,Inofensivo
DS_IMG_110.jpg,que epor los asustan negros se tienen diarrear cuando sst secta ooulfikan estan porque piensan que se derritiendo,discurso de odio
DS_IMG_1100.jpg,cuando acuerdas te que hija de papa la tu es morningstar s humor black ultra momingstars humorultablack,Inofensivo
DS_IMG_1103.jpg,shola iga una cerveza am asorry whisky lo tomo so,Inofensivo
DS_IMG_1104.jpg,s5 di payasita le la a pesos encabrona se yque,Inofensivo
DS_IMG_1106.jpg,de el conejo pascua mirando chupas como de huevos no son esos q chocolater,Inofensivo
DS_IMG_1108.jpg,cuenta cuando te das s ellatesla elegidan que gain,Inofensivo
DS_IMG_1109.jpg,eledinsito influ deledinsitoiniu m cuando dicen te aceptamos no tarietal estas tragando yya memes deledinsite nuflo,Inofensivo
DS_IMG_111.jpg,rnie ale toxira tu arte cuerpo es ners no ensenes lo se a estupido cualquier,Inofensivo
DS_IMG_1111.jpg,que lindo esta sonando con su primer arreston,Inofensivo
DS_IMG_1112.jpg,nadier absolutamente nadier disney blancanieves,Inofensivo
DS_IMG_1113.jpg,cchichonas maestro nalgonas o con tenga pito entre mas que no delgada tabla rapido la mas sea dijo ell clavo ell carpintero entra,Inofensivo
DS_IMG_1114.jpg,pestanas lamor iviste mis postizasi anot amor o o,Inofensivo
DS_IMG_1115.jpg,del cielo caer una hermosa manana lu a guadalupana la rivera jenny s nte,Inofensivo
DS_IMG_1116.jpg,feliz cuando ella esta esperando bebe tuyo un hermana pero tu es,Inofensivo
DS_IMG_1119.jpg,a chairolandia chairdlandia lopez confundiste te de primero andres ahora confundiste de te,Inofensivo
DS_IMG_112.jpg,operations cannot possibly fall second a iime comedy ivainee qx9 a kenny nelly lit trors nuestra mision fallo mucho pero aprendimos d las chicas bolasco primero que no tienen es ciertocc eso,Inofensivo
DS_IMG_1120.jpg,dedeas cuando a boliviana una,Inofensivo
DS_IMG_1122.jpg,oye tocame una,Inofensivo
DS_IMG_1123.jpg,iquien sabe de clase esal gata que es,discurso de odio
DS_IMG_1124.jpg,wey quie come el carne d roja en jueves y viernes santo o  o,Inofensivo
DS_IMG_1125.jpg,cuando al supermercadoyte vas dicen venden de ovarios que no pascuas,Inofensivo
DS_IMG_1128.jpg,usted no lia s visto senal la de prolibido ira de mas sor d senal si que la lie visto la que no he visto al esatin platon del da,Inofensivo
DS_IMG_1129.jpg,outfits chidos yo queriendo hacer las blusas tengon que verde,Inofensivo
DS_IMG_113.jpg,invento racismo ei se 1619 en people in 1618,Inofensivo
DS_IMG_1130.jpg,hijo como te fue el primer dia con y laiglesia padresito de el l,Inofensivo
DS_IMG_1131.jpg,kuchi kuchi kuchi coo,discurso de odio
DS_IMG_1132.jpg,emvra tamal de con roja salsa,Inofensivo
DS_IMG_1133.jpg,c l mehre doy un de 5 10 boh diosa que por ing favorb 10000 sobre 10,Inofensivo
DS_IMG_1134.jpg,de seguro seras padre un gran yoe,Inofensivo
DS_IMG_1135.jpg,chupame la bebe lengua e dalai lama,Inofensivo
DS_IMG_1137.jpg,mexico egipto siria mayas eporaocres dl unrera peru colombia ghana incas akans,discurso de odio
DS_IMG_1143.jpg,c africa vamos hambre tengo dilouyo jotambien jajjaaajja v o e,Inofensivo
DS_IMG_1144.jpg,yo saboreandome ricas tus nalguitas bb,Inofensivo
DS_IMG_1145.jpg,ssenor e senorita doctor ssoy senorita oo lok de tiene cancer prostata o l 117,Inofensivo
DS_IMG_1146.jpg,mario de bros records taquillall rompe criticos especializadoss los hacen wle falta lesbianesl negres,discurso de odio
DS_IMG_1152.jpg,nino el lama dalai,Inofensivo
DS_IMG_1156.jpg,dos palabras hay que abriran muchas le tire empuje puertass y coelho paulo,Inofensivo
DS_IMG_1157.jpg,pibe llego el que virgen los 18 a,Inofensivo
DS_IMG_1158.jpg,busco novia llorona que illoronaf ypor llora la porque que no d,discurso de odio
DS_IMG_1159.jpg,cuando video sale un bad bunnyy de encuentro no rapido el control cambiarle para,Inofensivo
DS_IMG_116.jpg,como muster karmy ve el ahora mismo sm bis trash lo ivenn como internacionales armys,Inofensivo
DS_IMG_1161.jpg,cuando modelo sabes no que escoger,Inofensivo
DS_IMG_1164.jpg,nina dejo pues mi de al mamar anio ahora hay suegra que hija confianza miente su,discurso de odio
DS_IMG_1165.jpg,basicamente ambas dos peliculas sobre tratan yendo hombres a una montana destruir un para anillos sane eoann saoe ones oonee ataes aas rns bostck rings jord nis soe oa,Inofensivo
DS_IMG_1169.jpg,abdom sentadilla 300 inales t,Inofensivo
DS_IMG_1170.jpg,mama cuando tu entra la en habitacion tuy tu fingen abuela y estan durmiendo que fie,discurso de odio
DS_IMG_1171.jpg,publicar estupideces yo dejar de quiero el internet pero es q no coopera 165 bo lze ccna icia,Inofensivo
DS_IMG_1172.jpg,eunos chupesy lenguar ede que2 equex,Inofensivo
DS_IMG_1174.jpg,cuando tu muere se hablar te toca en ex y el funeral primero que todo demos gracias al senor,Inofensivo
DS_IMG_1175.jpg,feliz navidad onordond legion anonirna no mame doc estamos en octubre jajaja diciembre legas a no,Inofensivo
DS_IMG_1178.jpg,yo siendo padrino dell de el morrillo i m despues de decirle lo compa que no tuvierai,Inofensivo
DS_IMG_1179.jpg,onda eeee que e bien despidete,Inofensivo
DS_IMG_118.jpg,netflix when lanza la nueva temporada de de la papel casa netflix amiguitop ceso gusto te la tu but en menos ves de dia xdxd un xtu infomemes marvel ceso todoe es,Inofensivo
DS_IMG_1180.jpg,sale tsegura esto me con barba dale tu si si leiidy yangana,discurso de odio
DS_IMG_1181.jpg,epico machito,Inofensivo
DS_IMG_1182.jpg,hacen los las que del infonavit casas voio evribary,Inofensivo
DS_IMG_1184.jpg,del islam la ventaja es que cambias de si pareja te fotos las ismas sirven m,Inofensivo
DS_IMG_1187.jpg,matilda viendome orgullosa de como levanto sin tocarlas cosas e,Inofensivo
DS_IMG_119.jpg,pero escribo no en yo wattpad fb an infp mind carajoco infp escribes eres wattpad en,Inofensivo
DS_IMG_1190.jpg,s  s e s s yamchal rayos fuertes mas te advert xd tu que eran que,Inofensivo
DS_IMG_1191.jpg,horas cuando arreglas te el cita llega una y para de tenis playera con y futbol doo une lanoble,Inofensivo
DS_IMG_1192.jpg,hambre tengo comemosh inos o o,Inofensivo
DS_IMG_1193.jpg,cuando besas sientes el lo le y paquetote,Inofensivo
DS_IMG_1194.jpg,paulito porke soolest nonke illorandos estas mi acaba mama c de cielo iral figner d estanublado con razon signer,discurso de odio
DS_IMG_12.jpg,lie oesee es ni snigos cese de arie con dielze er colon crayon que crayon doyez le,Inofensivo
DS_IMG_1200.jpg,dijerona cosby cuando le que la serie era una comedia erotico no y cine,Inofensivo
DS_IMG_1202.jpg,intentamos lo si me pero atraganto paramos sa apercybi,Inofensivo
DS_IMG_1203.jpg,lelidy yancana termine mi novio con mama oa ay mija dicen como pues ustedes y la queso,discurso de odio
DS_IMG_1205.jpg,como cuando en ves de ponerle leche al cereal le pones cereal leche la a v xddxdxxd ezthoy biem menzo,Inofensivo
DS_IMG_1207.jpg,asi fue como y desperto blancanieves,Inofensivo
DS_IMG_1208.jpg,de casi la la se cae cama pero alcance agarrar a,Inofensivo
DS_IMG_1209.jpg,quien carajos come zanahoria cuando bana 2 se s ,Inofensivo
DS_IMG_1210.jpg,yoi tus nalgotas,Inofensivo
DS_IMG_1211.jpg,cuando vere te cuando vuelva me a de mi nuevo mi pelear con amor marido aculturaferisa,Inofensivo
DS_IMG_1213.jpg,yo marcandole saber mi a esposo para donde anda siempre illega la porque a d 600 602 las son yya,Inofensivo
DS_IMG_1214.jpg,mama ya me voy mija que la si virgencita te acompane nandala gnarea pusheenmemesm lista para la fiesta wex simon,Inofensivo
DS_IMG_1215.jpg,cuando dejas de robar poca a poco,Inofensivo
DS_IMG_1216.jpg,imama tu que siempre tienes por dos unas demas las cortas y largas no entenderias lo,Inofensivo
DS_IMG_1217.jpg,dias cuando tenias varios de no chx minutos verlay la 5 te pa por,Inofensivo
DS_IMG_1218.jpg,cuando la aventaste morra que deja de gritar al horno no aleurralosmemes s a kperra tan escandalosa sav,Inofensivo
DS_IMG_1219.jpg,curas escuela de jon,Inofensivo
DS_IMG_1220.jpg,todo tneentng ahora cow,Inofensivo
DS_IMG_1221.jpg,pantitlan en facebook esperandote il en ira,Inofensivo
DS_IMG_1222.jpg,de lvenimos marte o de quien ede marte o,Inofensivo
DS_IMG_1224.jpg,natalia si quieres mi vamos a algo comer casa a dieta no puedo estoy a tranquila lo te que vas a comer engordass no,Inofensivo
DS_IMG_1225.jpg,yo recordando que publique icuerpo d construccion en y me quede obra en negra g,Inofensivo
DS_IMG_1226.jpg,spiderman lejos del rancho ll proximamente cines en,Inofensivo
DS_IMG_1228.jpg,netflix dijiste veriamos que o sacox la te ce mientas no me pero no co,Inofensivo
DS_IMG_1229.jpg,explorando novia el tu de cabezita agujero tu asrevcker,Inofensivo
DS_IMG_123.jpg,lista leon econom cleoneconom ista en mexico si hay clasismo pobres superiores los creen se por ser ido pobres haber condiciones mas por nac en dificiless ila id chingones yde mas se creen wbarrio dd dejar de barrio w resisten se a ser y  somos superiores no ilos pobres se sienten sobrevivirias en el salario superiores eso es un con edomex minimo pendeujing racismos a la inversah,discurso de odio
DS_IMG_1230.jpg,gg s iesto querias ellal sil,Inofensivo
DS_IMG_1231.jpg,chicos que se dicen ser feos chicas que se dicen ser feas yo,discurso de odio
DS_IMG_1233.jpg,cuando recuerdas fuerte gimbs muy y estas de papas sus que en casa,Inofensivo
DS_IMG_1234.jpg,reconoces si los asooacos wiw cr dinco pe y son de tus area 51 favoritos felicidades tienes humor negro ytambien eres racista by epn,Inofensivo
DS_IMG_1237.jpg,te esta cuando dando todas sus con fuerzaso ay carambal yse equivoca de agujero,Inofensivo
DS_IMG_1238.jpg,pestanas ytu modelas yo las las te pago me,Inofensivo
DS_IMG_124.jpg,la ociaya mira simba todo yesa rojaz zona cdmx lo azul la es excdmxi ieso es inunca debes ir allal laocia a,Inofensivo
DS_IMG_1240.jpg,adentro princesa vine me tranquilons soy travesti memorias,Inofensivo
DS_IMG_1241.jpg,cuando te encuentras tu a archienem el iga aurrera en 10 s crte ncin nband,Inofensivo
DS_IMG_1244.jpg,si doy muchos besitos te te se enojox el pasa yoi cuantosa,Inofensivo
DS_IMG_1245.jpg,vestido sera el hambre este tengo que o salchichon huevo parece con,Inofensivo
DS_IMG_1246.jpg,cuando enojada mi sin estoy vato con querer y enfrente de caigo el me,Inofensivo
DS_IMG_1247.jpg,cuando eres gato un suenas pero con matar judios ap com,discurso de odio
DS_IMG_125.jpg,si definitivamente no es un chumel buen momento ser para torres trashoostis troo siglomx nunca lo es,Inofensivo
DS_IMG_1250.jpg,dia 30 en cuarentena cualquier gato usa mi cosa gorro como,Inofensivo
DS_IMG_1254.jpg,diablos nena cuantos leones tienes en esa junglaz broma es jaja tienes pero la cuca muy peluda yeso gusta me,Inofensivo
DS_IMG_1258.jpg,cuando chancla ya suena como iso mojado en p elmamaloon,Inofensivo
DS_IMG_1259.jpg,cuando te mate pasan un caliente te quemas muy y la lengua,Inofensivo
DS_IMG_126.jpg,dia cuando termina el de los se aun sigues embarazada inocentes y,Inofensivo
DS_IMG_1260.jpg,dragenball latam recetoolron dountam padre mi advirtio desafie bills jamas me que a destruccion dios de la majin boon ell ya,Inofensivo
DS_IMG_1261.jpg,cignoranted ts que creo necesitas un concentracion poco de dl e,Inofensivo
DS_IMG_1262.jpg,nada mas hermoso beso la que un en frente califica traduccion esta,Inofensivo
DS_IMG_1263.jpg,cuando enfrentas a cr7 mundon del mejor el no joh pero ya pudiste con messi creister cte lo,Inofensivo
DS_IMG_1264.jpg,cquienvive enla pina debajo del marp los negros oue ino llegania gibraltar,discurso de odio
DS_IMG_1265.jpg,anos 20 noviar anose 17 novioi anos noviai 17 anos 20 novio,Inofensivo
DS_IMG_1267.jpg,odio la gente a que palabras usa que saben no que significa solo para mas verse fotosintesis,Inofensivo
DS_IMG_1268.jpg,amor ntp memesenosgenes confio ti en yo,Inofensivo
DS_IMG_127.jpg,empatar con australia para poder portugal de cristiano enfrentar al cosas de hombres,Inofensivo
DS_IMG_1270.jpg,maldita del el salto aguanto cama ino tigre e,Inofensivo
DS_IMG_1271.jpg,teparece ofensivo lo publico que vale verga me memegeneratornes,Inofensivo
DS_IMG_1273.jpg,sorteo prostibulo un canasta una navidena gano la y del el pueblo cura reconocio el don nemesio declaro defensa cura en su y haber visitado de local hace este un par semanas pero bautismo organizar un para ieslas pr selices santacruzeanoolz leer si lees sabes esto es porque sf gangsters joderss ieso es de,Inofensivo
DS_IMG_1274.jpg,vegeta ponte de pie d a lo estoy,Inofensivo
DS_IMG_1275.jpg,diciembre diciembre tu mi palir,Inofensivo
DS_IMG_1276.jpg,jesust este vino i m sangre es acaba de probar judas la que mayonesa,Inofensivo
DS_IMG_1277.jpg,sabia todas pense las posiciones que hasta dijo que me e hazmelo de volkswagen a dod oc chao,Inofensivo
DS_IMG_1278.jpg,disturbati abuelo porque esta la abuela nos rapidos vamos esperando pero ella esta muerta,Inofensivo
DS_IMG_1279.jpg,cuido si ahora mucho me escuche que mas quedar para no marido tu se embarazada hizo la vasectomia por esol el ahora pero si i embarazare puede ya no,Inofensivo
DS_IMG_1280.jpg,eduardo eduardo eduardo edward lalocion lalot lalonchera d lalombris lalongitud i laloca laloteria lalonja i lalocural lalocomotoral lalolitaayala lalonganiza lalomabella,Inofensivo
DS_IMG_1281.jpg,cuando rompe me la correrla tanga en de vez te ricos parece que somos,discurso de odio
DS_IMG_1283.jpg,cuandon sabes loca metiste te con una que quiero leche,Inofensivo
DS_IMG_1285.jpg,cuando tu papa te lleva escuela la a quejandose de irresponsable lo que eres olvido mochila y te acuerdas te la se que quyasii que gliste,Inofensivo
DS_IMG_1286.jpg,disney ya compro a chucky,Inofensivo
DS_IMG_1288.jpg,ayuda recuerdo no besar como mensenash gmichis chilean,discurso de odio
DS_IMG_129.jpg,cuando junt caminando vas albravanysuena tu celulal murallamuera umbir ahora porfavor nol,Inofensivo
DS_IMG_1290.jpg,cuando andar tu por con perdias desmadrito te la parisina ve en gfat,discurso de odio
DS_IMG_1291.jpg,todo si lo personal tomas d viviras ofendido la de parte mayor vida recuerda las tu que personas hacen las te cosass personas no decides hacen tu si te cosas y afectan no o tuertencia le leyendo este post un dia tiraron me un palo sin saber que tenia si clavo un y afecto me,Inofensivo
DS_IMG_1292.jpg,cuando acuerdas te tu mujer tiene que derecho de votar las encuestas en a instagram delnegrofollaptaton recuerdas tienes pero entonces que que anos 13 poder tener para usar instagram,Inofensivo
DS_IMG_1293.jpg,esta cuando baja el boxer depilado novio tu se y culturapar voy de llenarlo besitos a caitura aradamas,discurso de odio
DS_IMG_1295.jpg,uber de el ays equivoque ruta me automaticamente si ya yos como nos de guadalupe rosa he visto la a,Inofensivo
DS_IMG_1296.jpg,que judio gracioson mas metanlo ahora al hornof m emegenes,Inofensivo
DS_IMG_1297.jpg,molestabas tanto que ni te se paros y,Inofensivo
DS_IMG_1298.jpg,dandole duro cuando hora illevas una puedes venir te yno nadarepor que estallare por duedo gue no no pasa,Inofensivo
DS_IMG_13.jpg,despues de racistas yxenofobos los memes siendo seguimos hermanos porque civilizados seres somo,discurso de odio
DS_IMG_1300.jpg,gg darle no dinero i tengo m que a no se dia padret del el esposo vte,Inofensivo
DS_IMG_1301.jpg,yo viendo cual mas tiene para quedarmelo darle el mis otro a y hermanos ,Inofensivo
DS_IMG_1305.jpg,estoy entres quiero dinero ahorrar y solo vive vez se una e e,Inofensivo
DS_IMG_1307.jpg,dame yodios motivo un olvidarlo para no diosi,Inofensivo
DS_IMG_1309.jpg,adolorida yo poder sin sentarme y deje calentura mi que porque en el anastacio la metieran me por evolucion,Inofensivo
DS_IMG_131.jpg,sabias dejas a mujer que si tu dd embarazadaen estosdias tetocalancacidadpor paternidad f para mundial de rusia de nada el,discurso de odio
DS_IMG_1310.jpg,cuando pides le que si escuche le ver a se oye al igo motor a raro,Inofensivo
DS_IMG_1311.jpg,dejare nina grasias la de de encima tumba la tus padres kuando los reviente unagrandeygorda,discurso de odio
DS_IMG_1312.jpg,todo muy ricoy pero me mordiste huevot un eso y hace se eso no,Inofensivo
DS_IMG_1314.jpg,no l hay dinero las balas la para crisis afecta tambien venezuela en delincuentes los a jaja agorolosinalestlices,discurso de odio
DS_IMG_1315.jpg,ysi rellenas concha la tu me con sabrosisima lechera,Inofensivo
DS_IMG_1316.jpg,de poesia tequila y poesia y tequla abrazo necesito un bien fuerte y piernas tus con rodeando mi cuello labios humedeciendo ytus niboca mi de tequila y,Inofensivo
DS_IMG_1318.jpg,todo mas muy rico gritas pero y duro del los que gas,Inofensivo
DS_IMG_1319.jpg,hare dos dietas porque con una me quedo con hambre lacloakacom,Inofensivo
DS_IMG_1320.jpg,y somost que usted mamele cl tn,Inofensivo
DS_IMG_1321.jpg,jehova when testigo de eres gouminnl con yo digo toquemos la puerta que y digamos pizza xdxdxd que es una,Inofensivo
DS_IMG_1322.jpg,publicacion quieres si comparte esta te mantenga suggar en que,Inofensivo
DS_IMG_1325.jpg,saludosatoosteparted rosala manguera,Inofensivo
DS_IMG_1326.jpg,esta saliendo a mi amiga le una inflamacion muela algun por una dolorz remedio el para,Inofensivo
DS_IMG_1327.jpg,note hagas weyyo seque te gustan d estevuelo de,Inofensivo
DS_IMG_1329.jpg,dia esta el como para hundirla toditalle,Inofensivo
DS_IMG_1330.jpg,decir algo doble sentido darte con y todas las cuenta que no personas tienen misma enferma la mente y retorcida la tuya que,Inofensivo
DS_IMG_1331.jpg,rosa manguera la,Inofensivo
DS_IMG_1332.jpg,vida la nos otra en vemos chiquitosee prestan informam el icid memes,Inofensivo
DS_IMG_1335.jpg,este podria comiendote el ser yo pedorron la piensas mucho pero,Inofensivo
DS_IMG_1337.jpg,is dias puedo no estoy en m boca pero tu no cyesi,Inofensivo
DS_IMG_1338.jpg,para bebe que aceite si compraste para hij tenemos no,Inofensivo
DS_IMG_134.jpg,en la oracion siguiente del la gente muere coronavirus donde esta el sujetot en la calle sin mascarilla y de mundo pegadito el to,Inofensivo
DS_IMG_1340.jpg,hija encontre mama me hierba en la metleron bolsa tu de adicta aparte facilotal,discurso de odio
DS_IMG_1342.jpg,nooools no sabes alburear serrsis raa,Inofensivo
DS_IMG_1343.jpg,sabescual esel mgarmas peligroso de mmmmhhh mexicos estepitol pinche peladoll,Inofensivo
DS_IMG_1344.jpg,consegui ya el pan comerme para ese tamalote que te cargasev,Inofensivo
DS_IMG_1345.jpg,que nunca he entendido significa que te metan doblada la yaestas tengo alturas mucho miedode preguntar imgip com,Inofensivo
DS_IMG_1349.jpg,diferente es tu tratas que me por eso contigo gusta estar me el trato,Inofensivo
DS_IMG_1350.jpg,vivimos mundo tan en un chiquito das miedo que me eljoker se,Inofensivo
DS_IMG_1351.jpg,cuando la lengua la te pasan por panocha s1,Inofensivo
DS_IMG_1358.jpg,ese albur sono comoverso ymis huevos almuerzo patu,Inofensivo
DS_IMG_1359.jpg,vida de la mas ientras trata metas metas mejor se m odevocionperversa devocionperversa,Inofensivo
DS_IMG_136.jpg,felipe calderon ofelipecalderon polarizacion dividir estrategia la es una para debilitar confrontar derrotar mexicanos los no a y ni de bromal la promuevas i todos mexicanos somos queremos mexico un unido no promuevas la polarizacion festeja la democracia 2021 twitter 7aa 11 jun for iphone m,Inofensivo
DS_IMG_1361.jpg,es ms a ibieny thoy he durado mas de un minutol echidna okingteccno,Inofensivo
DS_IMG_1363.jpg,como gustaria me ser para picarte tenedor cic coduea tamal el,Inofensivo
DS_IMG_1365.jpg,invito isa te m a misabrosos besos,Inofensivo
DS_IMG_1367.jpg,como estuvo miujita peliciula barbie la la de niae bien larga ama,Inofensivo
DS_IMG_1368.jpg,ytiu quien buvge carajo eres toam,Inofensivo
DS_IMG_1369.jpg,como igalcomo mi la quiero am veo a ver,Inofensivo
DS_IMG_137.jpg,no siempre hago memes cuandoloshago son pero graciosos ofensivos nada y memegeneraton es,Inofensivo
DS_IMG_1370.jpg,raspado no les antoja se un para que se refresquen caloron este con,Inofensivo
DS_IMG_1371.jpg,shijo llego ala escuela 10 minutos te veo en en la entrada me du,Inofensivo
DS_IMG_1373.jpg,enalbures melas iganan peroal burro sela maman memegeneratores,Inofensivo
DS_IMG_1375.jpg,yoz yentonces que 2 somos charly dl nada gracias la por cogida,Inofensivo
DS_IMG_1376.jpg,cuando estas tomada ya y robo el novio llega la te que,Inofensivo
DS_IMG_1377.jpg,dia isabes cual es el mas debes cuidarb que diatras el visto tretentecom en,Inofensivo
DS_IMG_1378.jpg,mas todos haces jovent icomo le verte para ss yos ss,Inofensivo
DS_IMG_1379.jpg,traje miras te pescado acapulco de,Inofensivo
DS_IMG_138.jpg,ajajajajajaja se vienen buenos unos memes 0 greg s diaz seguir las 107 jue a m pa de llegan veracruz veleros paises los otros ll a d luchonas de conseguirle las veracruz nuevo a yandel al iker papa acomentarios 4 compartido 26 veces,Inofensivo
DS_IMG_1381.jpg,carino siz cah hablar puedo no pues mira estoy el por conduciendo retrovisor,Inofensivo
DS_IMG_1383.jpg,daba todo el la ylo vato que por empresa despidieron,Inofensivo
DS_IMG_1384.jpg,disfruta cada dia fluera si como ao el ultimoll matadere,Inofensivo
DS_IMG_1385.jpg,de el rey los albures,Inofensivo
DS_IMG_1387.jpg,cuando suenas tu que novio tiene si lo otra y suenas algo por es,Inofensivo
DS_IMG_1388.jpg,todo familia muy ricoy tu pero ya illevarte velar quiere a 5 ir,Inofensivo
DS_IMG_1389.jpg,esfuerzo tanto para q en una sentadilla perdiera todo se,Inofensivo
DS_IMG_139.jpg,los moles avran elcovid es mentirall dull gucci  memesmalardospara s gentebuenarua doa d,Inofensivo
DS_IMG_1392.jpg,cuando tanzga quita la se hacersela querias tu a pero un ladito aiiunrolvo pontela t juan,Inofensivo
DS_IMG_1393.jpg,no importa el tamainio pajaro del aa s importares lo que comon avientas io la a se puerca,Inofensivo
DS_IMG_1395.jpg,rico todo muy pero y cabalgas como endemoniada ni minutos aguanto 5 no y,Inofensivo
DS_IMG_1396.jpg,de toxica cuando la la le cara antojo compras su,Inofensivo
DS_IMG_1399.jpg,donde pongoel ojo la pongo vara did,Inofensivo
DS_IMG_14.jpg,quitenmelasmanosde encima changds mgrnsnsi,Inofensivo
DS_IMG_1401.jpg,ahhhhhh bici traes la perros polarizada mister m ga wewo,Inofensivo
DS_IMG_1402.jpg,agusto tesientes enel grupo chistes yalbur bueno del makeamemeorg,Inofensivo
DS_IMG_1403.jpg,todo traigo antojo perro raro un de dejes temblando las piernas que me y suplicando mas por,discurso de odio
DS_IMG_1404.jpg,caida parecio de vaya la me un eso cerdo e vl n ,Inofensivo
DS_IMG_1405.jpg,jodas ami no me con tus chafas albures memegeneratornes,Inofensivo
DS_IMG_1406.jpg,primer corriente el quitarse la idea de gente paso es que es para hay leer lourdes ruiz que,Inofensivo
DS_IMG_1408.jpg,no se ix apene sientese leer a d s bal sd ie ,Inofensivo
DS_IMG_1410.jpg,when encuentras un diciendole pajarito cosas gfcita de ti tu a snlg,Inofensivo
DS_IMG_1412.jpg,puto calor metiene hastala madre axilas las me huelenaleon fcoleccionando letras ylos huevosa garras,Inofensivo
DS_IMG_1413.jpg,nino ecuantos chola anos tienest ed payasob yob 16 16 banarte anos sin ed payasob el yob payasob cnad xd jaja buena broma que,Inofensivo
DS_IMG_1414.jpg,cuando padres legaban de tus trabajar jugandor veian te y porocho siete,Inofensivo
DS_IMG_1415.jpg,suegrat aver si hace feliz hija i a m yo haciendo feliz hijar a su califica traduccion esta,Inofensivo
DS_IMG_1416.jpg,yo mas dorm lido 12 haya por que horas,Inofensivo
DS_IMG_1418.jpg,cuando dicen te vas comer que y a la vayas por coca,Inofensivo
DS_IMG_1419.jpg,cc 2019 no descargar tiktok que voy a vddr cringe la 2022 ama vi tik tok mira esta recetaque en me,Inofensivo
DS_IMG_1420.jpg,viendo yo del las noticias perrito cheems,discurso de odio
DS_IMG_1421.jpg,te acuerdas dejabas que me en vistor ite acuerdas s ayyy siill e ss,Inofensivo
DS_IMG_1423.jpg,acabas cuando de tener una discusion madre sin tu con y das portazo querer un d,Inofensivo
DS_IMG_1427.jpg,quel barbarollgue inspiradort profundoll gque,Inofensivo
DS_IMG_1428.jpg,u ya quiero tener suegra decirle poder para venga le presto suegra mis juguetitos,Inofensivo
DS_IMG_1429.jpg,rianse para que no se sienta mal,Inofensivo
DS_IMG_143.jpg,detectar fifis 5 los a pasos para noticias mpu amlo sin razon latacan a sociedad 21se de creen son y del del patron los gatos gato bhestan amargados 4son corruptos yrateros sse mucho creen,Inofensivo
DS_IMG_1431.jpg,juegas cuando ala loteria ytuamiga peru de alos no le entiende albures mexicanos memegeneraton es,Inofensivo
DS_IMG_1433.jpg,saludos iles manda estefl fllierroter este,Inofensivo
DS_IMG_1434.jpg,quisiera ser mariachi bin tocarte para la cucaracha,Inofensivo
DS_IMG_1435.jpg,wey perdon traje cob te una ya oe,Inofensivo
DS_IMG_1436.jpg,ca donde vase faltan el entrenadors te 20 sentadillas yo,Inofensivo
DS_IMG_1437.jpg,when 10 de 1 entregas tarea find por interior paz,Inofensivo
DS_IMG_1439.jpg,ry la conocest de solo vista ee la vistal cranases,Inofensivo
DS_IMG_144.jpg,yo todos mis ofensivos con memes llevandolos oculta carpeta a una donde puedo encontrarlos solo yo memes,Inofensivo
DS_IMG_1440.jpg,cuando dicen deje de tomar me que empiece tomar cocay a agua agua ni que fuera radiador wo martin vaca vaca,Inofensivo
DS_IMG_1443.jpg,iole 9 mis congelaron nueces se 9 acuida vocabulario ninob tu,Inofensivo
DS_IMG_1444.jpg,te quiero algoo contar te pero no vayas a enojarx yo de antes cuenter que me,Inofensivo
DS_IMG_1446.jpg,yo automaticamente cuando bien alguien me cae,Inofensivo
DS_IMG_1447.jpg,mi de tienda qyo la amix quieres algo lo invito te yo cortor en so0 ostto doritas gatorade zona cagoa mang bo fueco 0 ivan biu,Inofensivo
DS_IMG_1448.jpg,yo illegando caminando mi a casa de gaste lo mi pasaje en porque me elote un o,Inofensivo
DS_IMG_1449.jpg,andas cuando caliente no tienes pareja no quieres salir con y hombres nuevos kme comprare un vibrador,Inofensivo
DS_IMG_145.jpg,clasista yo no soy el clasismo porque ignorancia la y es ignorancia es para pobres,Inofensivo
DS_IMG_1450.jpg,trensas se hacen para lanoche de independencia,Inofensivo
DS_IMG_1451.jpg,despertando voy y antojo un me se toquesote intimas partes de,Inofensivo
DS_IMG_1452.jpg,habla mexicanos con dijeron le cuidado con los dijeron alburesno le memegeneratores,Inofensivo
DS_IMG_1453.jpg,devastado yo todo despues de 5 minutos intensos mimorra lista el para round 2,Inofensivo
DS_IMG_1455.jpg,durmiente la bella preocupada tu duermes mas ella que porque,Inofensivo
DS_IMG_1459.jpg,aqui bajandome de la perra di ilusionada contigo que me,Inofensivo
DS_IMG_1460.jpg,si chupas albur por es creator meme dry,Inofensivo
DS_IMG_1462.jpg,el chavo guapo por que que se cree maneja moto,Inofensivo
DS_IMG_1465.jpg,de cuando terminaste mas 6 ya veces yel clavando durisimo te sigue nada y vilene se que s,Inofensivo
DS_IMG_1466.jpg,ella cuando es que pole la va al sohlo prsonal wantr jc,Inofensivo
DS_IMG_1468.jpg,que amor las trenss pero para,Inofensivo
DS_IMG_1469.jpg,yo vengativo contigo si vengoll no soy pero me,Inofensivo
DS_IMG_1471.jpg,tu yo maraton de kanvorgesast peliculas de terror,Inofensivo
DS_IMG_1472.jpg,contestabas porque no me en c el 2 camino yo el camino en e d,Inofensivo
DS_IMG_1473.jpg,el de cuadra sueter de perrito mi el con hermanx mi sirve me,Inofensivo
DS_IMG_1475.jpg,g enojarv pero si broma te era iya vas a yor e,Inofensivo
DS_IMG_1476.jpg,hay agradecer de antes que comer d,Inofensivo
DS_IMG_1477.jpg,y ahorita borras tipa me esa a o mismo 25 rma o 3 sey as hl,Inofensivo
DS_IMG_1478.jpg,nada mas ilusionar te no a vayas yo e,Inofensivo
DS_IMG_1479.jpg,kvoy ferreteriat una a molidal tiene yor carne el panadero 2,Inofensivo
DS_IMG_148.jpg,alex aiordalexx 18 sept iquieren resultados de gobierno quieren grupo firmel mi ver ver o a d,Inofensivo
DS_IMG_1480.jpg,gg ien serio asi te porque poner vas a 142 tire te un yo,Inofensivo
DS_IMG_1481.jpg,cuando todo al cine tu vas ves y de salario combo palomitas en un o e u s,Inofensivo
DS_IMG_1482.jpg,holaaaa mi ex yor hola mi al quiero grano vamos exs no extrano volver contigo te pero yor ee,Inofensivo
DS_IMG_1483.jpg,que el haces primer amigo la en universidad sera amigo tu para siempre importa lo no que pase estara ahi siempre la en amigo universidad primer,Inofensivo
DS_IMG_1484.jpg,de cuando entrevista trabajoy voy una a dicen de quede una me que me ya vez,Inofensivo
DS_IMG_1485.jpg,chaleco mi ex oye puedes el regresar ime que preste diax el otro te mi perros e,Inofensivo
DS_IMG_1487.jpg,me rio usando mama el celular mi l seguro tiene ya io nov,Inofensivo
DS_IMG_1488.jpg,cuando respondes historia le una y deja visto te en o,Inofensivo
DS_IMG_149.jpg,86 86 d5 6 coppel liverpooll elektra sushe pagan los que impuestos los que reciben milano subsidios sears nacionooo,Inofensivo
DS_IMG_1490.jpg,it dicen besos tus si quieres tu me que ii palabras tus no pero t confundiditto,Inofensivo
DS_IMG_1491.jpg,un mas capitulo y me voy a dormir despues 2 temporadas ajuanchos ig,Inofensivo
DS_IMG_1492.jpg,cuantas mi suegrai cervezas quieress yo pena con,Inofensivo
DS_IMG_1493.jpg,mi carnalar ya 100 tienes los pesos debesl me que yor ni mija te topo,Inofensivo
DS_IMG_1497.jpg,mi ya amorcito juego era amor g yoi,Inofensivo
DS_IMG_1498.jpg,yos alistandome plan ir para a un que olvide cancelar tiempo a,Inofensivo
DS_IMG_1499.jpg,cerraste cuando salister illave con si ma segurof,Inofensivo
DS_IMG_15.jpg,el peor enemigo de un mexicano trump 201g president es otro mexicano que se cree gringo,Inofensivo
DS_IMG_150.jpg,clasista bro no soy s oes hecho tienen de tengo amigos no que normal trato ios y accion el nogal en,Inofensivo
DS_IMG_1500.jpg,cuando trabajar tienes ir lunes a que es y ama ya no kiero ir,Inofensivo
DS_IMG_1501.jpg,decir lo unico se jales el en que ya meroj mero ya meroh iya,Inofensivo
DS_IMG_1503.jpg,cuando chisme el viene con imagenes hasta audios screens y o,Inofensivo
DS_IMG_1504.jpg,mi dandonos sobre amiga consejos yyo chicos 3 las a am no vida des mala te usalo buscas xd otro y,Inofensivo
DS_IMG_1505.jpg,mi solo mirar mente voy a no pienso nada comprar yo saliendo s lo merezco me,Inofensivo
DS_IMG_1506.jpg,m ira mi tu exprimo amor a ique exprimox mestaaaaaaal,Inofensivo
DS_IMG_1507.jpg,hacen prestamos familiares 2 prestame a si hermana tu d,Inofensivo
DS_IMG_1509.jpg,aesacajuela sile echo todo ml equipaje,Inofensivo
DS_IMG_1510.jpg,cuando el io de algo pregunto prec y esta caros asta luego grasias,Inofensivo
DS_IMG_1511.jpg,iu elle uwu siendo reconocido la por rae,Inofensivo
DS_IMG_1512.jpg,papa te dije do masiosare ya que nol es especifico solo estas una persona en himno entendiendo mal el nacionale denor gevee diria que un masiosaren ieso es lo,Inofensivo
DS_IMG_1513.jpg,jamrica tve tontok bolt boltcomo descubriste velocidadd tu beds aica we veras salia 5y 29 de escuela las la yo a dradon comenzaba 5 30 ball las v a v,Inofensivo
DS_IMG_1514.jpg,ninos trabajando vacaciones en latinoamerica estados unidos jupiterz lemonaden  st,Inofensivo
DS_IMG_1516.jpg,yor gastar no en ya voy cosas a innecesarisas o de tambien compre colcha una yos huevo,Inofensivo
DS_IMG_1518.jpg,entonces solo amigos si cobra mesero en me separadas porfan cuentas igl,Inofensivo
DS_IMG_152.jpg,ley anti memes propone nue convierten la en uno veronica follow oedithvazqu,Inofensivo
DS_IMG_1522.jpg,mama de viendo la mi amiga acabo de el kilo casi me como tortillasi,Inofensivo
DS_IMG_1523.jpg,xolvido credencial de escuelak la la desde el maestro que me conoce anosi hace 2 no como estudias aqui pasas que se d,Inofensivo
DS_IMG_1524.jpg,saco telo hey sin albur sinalbur memegenerator es,Inofensivo
DS_IMG_1526.jpg,del cuando corrian salon te y desde molestando seguias la ventana ltl p,Inofensivo
DS_IMG_1527.jpg,manana levanto temprano me a limpiar la casa c bendicion la y yoi 10800 am,Inofensivo
DS_IMG_1528.jpg,alfredo adamer esto mas es doloroso de ii lo parece que peuceot n  a,Inofensivo
DS_IMG_1529.jpg,cuando desempleada esta viajando siempre esta pero y conociendo exoticost lugares,Inofensivo
DS_IMG_1530.jpg,informam el ichristiancelis autorizads ls aue imos despuesdelincidente contrejo alfredo adame r adame sera conocido como elrajador,Inofensivo
DS_IMG_1532.jpg,xcierro la puerta k taxi del el taxistah no dale mas duro cerro ky cierro durox yoh mas el taxistah,Inofensivo
DS_IMG_1533.jpg,quisiera ser microbusero subirte para enla parada,Inofensivo
DS_IMG_1534.jpg,sipi icah ccalbures apapapp memegenerator es,Inofensivo
DS_IMG_1535.jpg,ayl nada tengo no ponerme que son kokun el hoy toca la elegante ropa,Inofensivo
DS_IMG_1536.jpg,entenmdp la adultos los porque nada sientan a ure sh a osubcreador,Inofensivo
DS_IMG_1538.jpg,culdadoaqui tenemos unmaestro delalbur,Inofensivo
DS_IMG_1539.jpg,yo lusionandome alguien con que puedo tener no oo i,Inofensivo
DS_IMG_154.jpg,eres clasista pero tienes clase no la en fin hipocresia memegenerator es,Inofensivo
DS_IMG_1540.jpg,cuando sentadilla hago una me y rodilla la truena uno de aparte crujiente guapon,Inofensivo
DS_IMG_1542.jpg,yo que trabajo agotador tan s yo tambieni s vamo memes ver a,Inofensivo
DS_IMG_1544.jpg,anabanana oyosoyanabanana adentrox te veniste dijiste estabas si operada que pendejo del rinon si pero steelpro,Inofensivo
DS_IMG_1545.jpg,hola hermosa gustaria ite moviendo trabajar mesasy imesast moviendo sh nalgotas mesas,Inofensivo
DS_IMG_1546.jpg,anos los 20 yo,Inofensivo
DS_IMG_1548.jpg,besos de elotes nuestros como son feria siempre terminan dalo en cae,Inofensivo
DS_IMG_155.jpg,clasismo machismo racismo odio xenofobia homofobia othiagozzon 2 cuando selegcion argentinos juega la,Inofensivo
DS_IMG_1551.jpg,cuando ibas intencion de con q id callate discutir dice te pero y volteate quitar mal te que ese voy a genio,Inofensivo
DS_IMG_1552.jpg,creido hola dejar volvio a la marido ya el,Inofensivo
DS_IMG_1553.jpg,yo estos momentosh en que hacer como la en sueno de me el en no y noche dia,Inofensivo
DS_IMG_1554.jpg,yo tquilax pistear si aguanto con yo 3 shots con,Inofensivo
DS_IMG_1555.jpg,cuando estas limpiando alguien la te apaga y musica co,Inofensivo
DS_IMG_1556.jpg,alguien ique cuentasi me yo pensando le cuentor que,Inofensivo
DS_IMG_1557.jpg,cuando segundo el novia quiere tu round todavia te no recuperas pero o cordeva sackie,Inofensivo
DS_IMG_1559.jpg,el rey del albur corona me el prepucio memegeneratornes,Inofensivo
DS_IMG_156.jpg,tu eres no es tu nivel socioeconomico,Inofensivo
DS_IMG_1560.jpg,mi cuando cara el amor al veo amor de vida mi de vida mi,Inofensivo
DS_IMG_1561.jpg,cuando fin entiendes al albur le por djeron te que ayers,Inofensivo
DS_IMG_1563.jpg,yos chale nadie escribe me e mis chats sin leere sw s se ain s,Inofensivo
DS_IMG_1565.jpg,de atunl iestan robando lata una parece michion mi una para s,Inofensivo
DS_IMG_1567.jpg,e ra jeep fly emirate fly ano sistencias enlo que de 2 va g s rakuten ano enlo asistencias 2 que va de memedeportes com porque 10 importonte es reir,Inofensivo
DS_IMG_1568.jpg,puente inglatera en panama puente en mexico puente en,Inofensivo
DS_IMG_1569.jpg, lit 19 diferentes lenguas conozco ahora 20 5 ee,Inofensivo
DS_IMG_157.jpg,26 de noviembre sab 2e11 internacional de dia la 1500 xenofoblay el yel argentina mexico racismo fase grupo c de gueos clasismo s no empieces mi sin narizon saltamuros ni sin mi tu memedroid lidavid l,Inofensivo
DS_IMG_1571.jpg,mijito ay sales cada con mamada,Inofensivo
DS_IMG_1572.jpg,isegura idal eche te los la que en espa tengo mas ano novia de de tener un no pasard conol ique isi puede,discurso de odio
DS_IMG_1573.jpg,cuando senton el frenillo te truena pega un en seco y omemellenlal,Inofensivo
DS_IMG_1574.jpg,mero mero de los el albures cocowash del los masajes yde memegenerator es,Inofensivo
DS_IMG_1575.jpg,capacitio cuando trabajio el tu te en que despide de renunciara ti porque ja se vuelto has fuerte te,Inofensivo
DS_IMG_1577.jpg,ella de mas ganas con todo fundido yo atras,Inofensivo
DS_IMG_158.jpg,ultimo dia el hoy es de julio,Inofensivo
DS_IMG_1580.jpg,decidloque queraisdealbures peroangelinecesita avudaderofesionals memegeneratores,Inofensivo
DS_IMG_1582.jpg,deberias dejar harinas las a20 slp asslon srlen,Inofensivo
DS_IMG_1583.jpg,duermo 12 si horas duerme i perro m 12 horas lado orgulloso de mi lo a cree que o,Inofensivo
DS_IMG_1584.jpg,nos chismex de cualquier enteramos mi amix cortoi yo en y n,Inofensivo
DS_IMG_1585.jpg,o hoy si acostar temprano me voy a mi telefono comooooh,Inofensivo
DS_IMG_1586.jpg,cuando el profe algo pregunta me se no que yoi,Inofensivo
DS_IMG_1588.jpg,a oal ienvlogs ti cambio el simonk por achis el por,Inofensivo
DS_IMG_1589.jpg,ique han hecho amorf cosas por los leo o,Inofensivo
DS_IMG_159.jpg,andre candrbertuccelly bertuccelli 1h andrea nadie importaba relacion de la neta la legarreta es que a nos desde anos acumulado haters pesima hace solo ha clasista pues por whitexican aunado erik rubin solo mantenidos actriz a que un y es una pondra trabajars marioneta pesimo fin el cantante por a y se pero cada quien pues e t t ill 6 17 100 1amil,Inofensivo
DS_IMG_1590.jpg,despues mi yendo amix pasear a y yo dieran permiso nos que cush pa donde la casa sea menos pa,Inofensivo
DS_IMG_1591.jpg,gg desde el lunes vamos comer ya a 9 hacer ejercicio sano empezar a y,Inofensivo
DS_IMG_1593.jpg,mi encontrandonos sala la exy en yo del psicologo de espera nypd l,Inofensivo
DS_IMG_1595.jpg,xcualquier hablak amigo me yos ayudame mi con xfa tarea,Inofensivo
DS_IMG_1596.jpg,amaneciol icomo si solo he que ya dormido 3 minutos a lil,Inofensivo
DS_IMG_1598.jpg,wees gymi al ivamos jalooool taqueria ugyme 8,Inofensivo
DS_IMG_16.jpg,a hombres los los blancos tambien l tambien d id matan sufren de nos racismo nypo,discurso de odio
DS_IMG_160.jpg,clasismo fcb miedo clasificarse a no,Inofensivo
DS_IMG_1600.jpg,desorden mi perdon amix el por su cuarto,Inofensivo
DS_IMG_1602.jpg,cuando celular sonrie suena su no y es d contigo,Inofensivo
DS_IMG_1603.jpg,6g 14 tu bien enojon novio se ve yo de novio esta has semana no me querido,Inofensivo
DS_IMG_1605.jpg,yo dos dias sin comer con por no cambiar billete mi nuevos querer y so precioso mi,Inofensivo
DS_IMG_1606.jpg,mi ique hacesi amorcitor yor durmiendo mi sal afuera amorcitor estoy que yoi io,Inofensivo
DS_IMG_1607.jpg,kla tarda gusta en morra que me se contestark yor para no estorbar estoy fuera,Inofensivo
DS_IMG_1608.jpg,yo mandandote tu l mensajes respondiendome,Inofensivo
DS_IMG_1609.jpg,por cuando publicas mensajes le o etiquetas algo en ni quien siquiera se eres,Inofensivo
DS_IMG_161.jpg,champions empacare tus para cuando te guedes sin argumentos jeep,Inofensivo
DS_IMG_1610.jpg,mi hij mama yot puedo no tengo tarea,Inofensivo
DS_IMG_1611.jpg,de a mucho mi gustan me esas cao,Inofensivo
DS_IMG_1612.jpg,de fiestas las la te seguro en ii ligando pasas yor,Inofensivo
DS_IMG_1613.jpg,haz total tuyyo lo quieras que nada no somos vive 2235 61 28,Inofensivo
DS_IMG_1614.jpg,guerra de alburi comenten su mejor alburh memegeneratores,Inofensivo
DS_IMG_1615.jpg,quedate succionar la con que sepa como de mordedura de serpienter el la veneno aplicar torniquete saben todas porque un,Inofensivo
DS_IMG_1616.jpg,mames no sin con albur e albur si mames memegeneraton es,Inofensivo
DS_IMG_1617.jpg,bienvenido adios septiembre octubre ca,Inofensivo
DS_IMG_1618.jpg,viendo mentira yo era que no que grande la tenia recaer e s of lection stories j s ren d diow,Inofensivo
DS_IMG_1619.jpg,calientes no te cazuela chorizo que el no es para tilla deratores meanege,Inofensivo
DS_IMG_162.jpg,iker yandelr ya consegui papa ozuna te fbiantonioranco o ila u vey il ruzzo  con,Inofensivo
DS_IMG_1623.jpg,le noviok llega mensaje mi un a yon aber presta,Inofensivo
DS_IMG_1624.jpg,sera pobre ma barrio pero los perros son fantasma de queretaro lacoste,discurso de odio
DS_IMG_1626.jpg,cuando publica foto tu una ex con su gg diciendo eres el pareja amor nueva 199 vida de mi yo tambien lo era,Inofensivo
DS_IMG_1627.jpg,mi ya afuera amixs estoy we yo recien despierto banarmer sin y t,Inofensivo
DS_IMG_1630.jpg,uno cuando enamorado esta mete se barrios dios ni te unos por que acompana,Inofensivo
DS_IMG_1633.jpg,o decidi feliz ahora traigo nomas ser y s20 toda la pesos semana pa,Inofensivo
DS_IMG_1635.jpg,cg 14 cuando dices papi mas duro le lienza ycom chancletazos a sonar como,Inofensivo
DS_IMG_1637.jpg,mi me bien crush amix caes yoi no digas favori eso amor por mi,Inofensivo
DS_IMG_1638.jpg,cuando duele visto te su ya no o vv fuerte has vuelto te muy,Inofensivo
DS_IMG_1639.jpg,harto de estoy la hacer trabatjacion cargando osoyunaolita,Inofensivo
DS_IMG_1640.jpg,no historia mi te presumo en 24 dura horas tu porque eres y siempre para,Inofensivo
DS_IMG_1641.jpg,mi verdad de sabes amixi ipero manejary yor confia,Inofensivo
DS_IMG_1642.jpg,de despues de chismer yo hora 1 l liot oes adolescencia pero quienes nosotros juzgar somos para,Inofensivo
DS_IMG_1643.jpg,cuando invitas la a una cerveza ydescubres elegida la que es,Inofensivo
DS_IMG_1644.jpg,el ganar a va canelo,Inofensivo
DS_IMG_1646.jpg,entonces haces si lo ahi por me crecer va mas ee,Inofensivo
DS_IMG_1649.jpg,yo pensando bien hice el si en gym en todo el pagar mes,Inofensivo
DS_IMG_1650.jpg,disfraz ya mii jaloweeeen tengo pa o,Inofensivo
DS_IMG_1651.jpg,puedesir por alla te ala verga con tus pendejadas,Inofensivo
DS_IMG_1654.jpg,guarromantico el guarromantico a cuando mi quieren cara que veo comer pastel regalos traen y no misterhamsier noj te no preocupes,Inofensivo
DS_IMG_1656.jpg,trabajan el los banco que en creyendo tambien que es su dinero,Inofensivo
DS_IMG_1657.jpg,guarromantico el guarromantico a csin 17 mi saldria jaler el no yo jaler el en,Inofensivo
DS_IMG_1658.jpg,a ique te albureolll albures guerra de memegeneraton es,Inofensivo
DS_IMG_1659.jpg,yo despues de dos de horas chisme pero quienes para nosotross juzgar somos,Inofensivo
DS_IMG_1661.jpg,mi pelooooll pndejoll cel iguana aeliguanaoficial vellguanaoniclal jalale prroh dejes pelona importa que me no,Inofensivo
DS_IMG_1663.jpg,hidratar asi la quiero carita te freseas te pero s edee,Inofensivo
DS_IMG_1664.jpg,trata de alburear se auto alburea y crean le un albur memegeneratones,Inofensivo
DS_IMG_1665.jpg,eylo amabasy amiga mantenia lo yo,Inofensivo
DS_IMG_1666.jpg,que pero te mire asi ll tambien asi,Inofensivo
DS_IMG_1667.jpg,cuando sobraron 58 minutos yte te pones a de guadalupe la rosa lo el princeso en ver que se recupera,Inofensivo
DS_IMG_1669.jpg,el guarromantico guarromantico a mi sube fotox novia una fun mia vator emi noviai tuya yoi,Inofensivo
DS_IMG_1670.jpg,el profe hablax habla que mi aguantando ell compa yyo suenos chlas bulss,Inofensivo
DS_IMG_1671.jpg,huevos deci lohs putoh cie meine com e,Inofensivo
DS_IMG_1672.jpg,cuando telefono prestas tu para ensenar foto empiezan una ver a y toda galeria la o,Inofensivo
DS_IMG_1673.jpg,el guarromantico guarromantico a tiya usted como vidal le la va en muy mal ipor quel trabajoy dinero porque tengo nunca me enganan lavo mi ropa enamoro me y y llueve,Inofensivo
DS_IMG_1676.jpg,a drogala gorda d escribe igual al la se derecho yal reves,discurso de odio
DS_IMG_1677.jpg,encuentraasu profesor ex lanzapiropos le albures y memegeneratornes,Inofensivo
DS_IMG_1678.jpg,perdon afeite si te raspo es que no me tranquilos tampocon yo hablo de jajaja la te cara pero yo yd noos paclacom alonso,Inofensivo
DS_IMG_1679.jpg,cuando permiso is sin tocan m cosas y no dejan estaban las como c,Inofensivo
DS_IMG_168.jpg,nicolaso agu in my era abarcelocoo familia del bombin conociendo la familia de la alessia estudio la el a en de chv siganme clasistass para mas memes hgranhermanochy familia la de bambino familia la de alessia 1212 24 jul 2023 335 reproducciones a m,Inofensivo
DS_IMG_1680.jpg,el el saliste platicar vato con que a viendo nomas queda te para se robarte beso un,Inofensivo
DS_IMG_1681.jpg,pero mujer hizo brujerial te esa ala brujeria 58,discurso de odio
DS_IMG_1684.jpg,dire no nada hasta illegue mi que abogado o,Inofensivo
DS_IMG_1686.jpg,creiste cuando das te cuenta que habia pelo pantalla tu un que en oo,Inofensivo
DS_IMG_1687.jpg,esoon ipor yorchbesos ayorch besos buscando desde de estas jale cc la tu compu tu puesto vacanter empresa yves,Inofensivo
DS_IMG_1689.jpg,guarromantico el guarromantico a dia un aprovechas al los joven otro eres y fines de lavar semana para ropa,Inofensivo
DS_IMG_169.jpg,eyesungscloudx lu zzmin mexico argentina ahorita despues de sibado el dinos todo y que nos con racismo clasismo xenofobia lo profundo de el que tenemos mas y en nuestro ser hmexicovssaudiarabl 0 t s ago 2,Inofensivo
DS_IMG_1693.jpg,vi foto borraste la novio tu que con io 8,Inofensivo
DS_IMG_1695.jpg,6g 199 empieza llover a automaticamente yo ca ahhh sueno tengo que,Inofensivo
DS_IMG_1696.jpg,discutir cada yo gusta rato te porque a mi amorcito r divertirme esto hago lo pa divertirme divertirme pa pa,Inofensivo
DS_IMG_1697.jpg,yo de ignorando al al lado auto despues de casi chocarlo d,Inofensivo
DS_IMG_1698.jpg,reflexionado despues de yo endeudarse anos 2 un por con telefono dundo,Inofensivo
DS_IMG_1699.jpg,cambio solitox de el foco la cocina yoi imgemniero,Inofensivo
DS_IMG_1700.jpg,gg de disfraces 5 weeey cancela la fiesta se yoi,Inofensivo
DS_IMG_1703.jpg,porque tes porque ir tenemos que 2a buscar los tu cuarto a cargador entiendo el no,Inofensivo
DS_IMG_1705.jpg,yo cuando siempre vamos a comer y la coquitat,Inofensivo
DS_IMG_1706.jpg,pedos tu bien 4 de tu las la compa y a manana coco el sitosting hay wey poner que un negocio,Inofensivo
DS_IMG_1707.jpg,cuando fin tienes novia ella te por y decir ii bebe comienza mi mi eres a bebito fiul fiu,discurso de odio
DS_IMG_1708.jpg,besastel iy la ya no pero syrtrl,Inofensivo
DS_IMG_171.jpg,verdaderos hijos de progres y puta tienen que no generacion nadie respeto por la vida real en de cristal t es cualquier persona utiliza decente que no inclusivosm terminos o progresy chistes hace que minimamente ofensivos generacion de cristal,Inofensivo
DS_IMG_1710.jpg,despues de yo al 6 rato tomarme 10 shots de tequila agua cervezas y de la llave enaijka keta akintaj enaijma henaika,Inofensivo
DS_IMG_1711.jpg,nadie s yor,Inofensivo
DS_IMG_1712.jpg,cuando relacion presumiste una que funcionoy fue el ganado te se no vuelvan vuelvan vuelvan vuelvan,Inofensivo
DS_IMG_1713.jpg,cuando terminaste ell ya pero dando parars te sigue sin,Inofensivo
DS_IMG_1714.jpg,cuando hace frio el pagaste pero ya mes spraru elv,Inofensivo
DS_IMG_1715.jpg,yo comiendo hizo lo mi que il mi comiendo amorcito amorcito hice lo yo que oo,Inofensivo
DS_IMG_1716.jpg,cuando publica que alguien esta feliz relacion coquetea te pero en su inbox por o cque amiguitoy paso,Inofensivo
DS_IMG_1717.jpg,gg 199 siguio ma mira lo me a que casa 9,Inofensivo
DS_IMG_1718.jpg,cuando atras te toca por gritar puedes perono mama crio tu una porque llorona nouna guerrera,discurso de odio
DS_IMG_1719.jpg,todos alguien tenemos que a nos tiene asi,Inofensivo
DS_IMG_172.jpg,nadie tu mas mereceesto que ridicula,Inofensivo
DS_IMG_1720.jpg,cuando gatob eres un conks el pibe mallorquinz miau miau inteligentes gato un pero bombarden siria,discurso de odio
DS_IMG_1724.jpg,piensa no que entiendo albures si supiera memegeneratores,Inofensivo
DS_IMG_1725.jpg,pongale no asi sean nombre emocionaron a vecinas todas las teamo gorda,Inofensivo
DS_IMG_1727.jpg,dios convoco al albures los de memegenerator es,Inofensivo
DS_IMG_1728.jpg,mira das vuelta alli y derechito vas te ala verga,Inofensivo
DS_IMG_1729.jpg,vivoalmilite ganare al le sonrrics enalbures memegeneratores,Inofensivo
DS_IMG_173.jpg,usuarios witter de facebook chumel topres s,Inofensivo
DS_IMG_1730.jpg,n choggyposting dia si algun te y siempre caes yo estare alli para reirme,Inofensivo
DS_IMG_1731.jpg,alguien sabe que este raza es perro,discurso de odio
DS_IMG_1732.jpg,mis viendo amigos el yo como y hicimos hora proyecto que una fue de el la clase mejor antes d,Inofensivo
DS_IMG_1733.jpg,eres comolacerveza meapendeias gustas pero me,Inofensivo
DS_IMG_1734.jpg,cuando toda contracturada estas espalda estiran la yte ooe,Inofensivo
DS_IMG_1735.jpg,el guarromantico guarromantico a dos solo quedan te te meses para que me navidad declares juntos pasemos y oistes rica cosita,Inofensivo
DS_IMG_1738.jpg,oshittogro navidad siente la se jya,Inofensivo
DS_IMG_1739.jpg,huevos feliz viernes negro feliz santa semana,Inofensivo
DS_IMG_174.jpg,gomez del mariana campo amarianagc rece te internet amo doesa aerobus cooed g 1314 07107120 twitter for iphone,Inofensivo
DS_IMG_1740.jpg,voy jugarme a albur un con una oro baraja de,Inofensivo
DS_IMG_1741.jpg,papa ique allax es cdmx venden tes la quesadillas hablan sin queso cantadito albur todo con puro y bolilloes lo nunca meten te a un acerques lau,Inofensivo
DS_IMG_1744.jpg,mi mama pinche animal estupido solo duerme come caga y mi tratando de adivinar quien perro yyo a le dijo,discurso de odio
DS_IMG_1745.jpg,ese albur no hacegracia culo vergaytu mi hacen gimnasia memegeneratores,Inofensivo
DS_IMG_1746.jpg,aaheh yall tu mescla eres el escupe el cientoalbureslel cien por mojo memegeneratores,Inofensivo
DS_IMG_1749.jpg,chico guapo busca novia,Inofensivo
DS_IMG_175.jpg,de amigos el grupo mas normal e introvertido el espanta homofobico clasista viejas,Inofensivo
DS_IMG_1750.jpg,dalburesypiropos g ninas pescado comer a santa ensemana,Inofensivo
DS_IMG_1751.jpg,cientos para que aprenderte de albures silepuedes decir 7 soyeres memegeneratores,Inofensivo
DS_IMG_1754.jpg,comonosaben dealbures quenos piensan losdigoi memegeneratores,Inofensivo
DS_IMG_1756.jpg,nombre conalbur consuela melano memegeneratores,Inofensivo
DS_IMG_1757.jpg,icah sepi ccalbures apapapp memegeneraton ss,Inofensivo
DS_IMG_1759.jpg,mirar amiga tu a pensar y esta nunca va dejar de tragar,Inofensivo
DS_IMG_1765.jpg,culero pinchi padre dije que ceniza le poquita,Inofensivo
DS_IMG_1766.jpg,quito los dientes cysi me no medejan jugare,Inofensivo
DS_IMG_1767.jpg,cuando mexicano eres ca llevas 10 segundos y wey sin decir w,Inofensivo
DS_IMG_1770.jpg,llegando aqui los tacos por,Inofensivo
DS_IMG_1771.jpg,papa viernesito copnd gorona tcs ubls,Inofensivo
DS_IMG_1772.jpg,gfa when consigue cartulina tu la de 11 noche las la a iv hechd en region ete extremo xd iv,Inofensivo
DS_IMG_1773.jpg,cuando mandan te ropa unidos de estados y sabes ingles no purzacalecass primero aki despiues en las demas my boyfriend,Inofensivo
DS_IMG_1774.jpg,cuando sales tiempo despues pueblo de tu ciudad la en,Inofensivo
DS_IMG_1775.jpg,abuelita cuando visitas atu museo dolores olmedo co occo bce acio oe diloo t cue instmo nacoaal de baos memes da itacate tu te y,Inofensivo
DS_IMG_1776.jpg,si goku milk tiene frio abraza la don si bulma frion vegeta tiene la abraza si gohan videl tiene frion abraza la si frio tengo yo pos tapo me,Inofensivo
DS_IMG_1777.jpg,mas flojera tengo que maniqui este,Inofensivo
DS_IMG_1778.jpg,sitengoz5 sandiasysgatos cuantos zapatos quedane morado porquelos hablan elefantes no,discurso de odio
DS_IMG_1779.jpg,bilgrados es temblor no nada bato cuando cayo meteorito el que con los dinosaurios acabo vriosabish sl asuste me,Inofensivo
DS_IMG_1780.jpg,magia opremume pe acheca premium aditivo niveles yechalte tambien aguacate,Inofensivo
DS_IMG_1782.jpg,usaltamurosw quitaron ules texas wcuantas copas umexichangos tenesqu malvinas las ven inglesu habla se umeseros de la condesas peso devaluadop narizones,discurso de odio
DS_IMG_1783.jpg,when estabas pequeno de salida la hora era yya de la escuela tu mama y llegaba no aun wenty one slotld iatid the gab ilegalt porque no habra me olvidados y si me secuestrans ese viejo me viendo feo esta,discurso de odio
DS_IMG_1784.jpg,lah traigan ocupo piedras muroo parael,Inofensivo
DS_IMG_1787.jpg,fila when tu sale primero a mas la limpia porque es v recreo ded pulav,Inofensivo
DS_IMG_1788.jpg,ni para rezar por mexico axoaniso el papa porque argentino es jesus de pero es veracruz,Inofensivo
DS_IMG_1789.jpg,cuando el que ibaa ser el conductor designado ya refilio se 3 caguamas,Inofensivo
DS_IMG_1790.jpg,coronavirus broncolin,Inofensivo
DS_IMG_1792.jpg,chupetono ese cy chupeton mamad ccual,Inofensivo
DS_IMG_1793.jpg,when la calle yves vas en ladrar empieza te a que un perro but recuerdas que ladra muerdel prro que no but si ese,Inofensivo
DS_IMG_1794.jpg,ctemblot senti lo ni vanguardia imx,Inofensivo
DS_IMG_1797.jpg,septiembre tiemblo digo ell nombre y s  otra vez uuhh septiembre uuhh,Inofensivo
DS_IMG_1798.jpg,temblandob iesta oyedieguitlo,Inofensivo
DS_IMG_1799.jpg,seveque solo esta su dinero por chavelo no es tonto esta esperando que la chica se muera para quedarse con la herencia,discurso de odio
DS_IMG_18.jpg,racista odio los a pero mo soy negros dare de mis gomitas note yno com,discurso de odio
DS_IMG_180.jpg,quisiera aveces wmr en el comunismo y socialismo que tanto predico contra capitalismo clasismo el yel luego disfruto de sus comodidades yse pasa me,Inofensivo
DS_IMG_1800.jpg,cuando fiesta mama tu una vas a y de illevar el quiere centro se mesa servilleteros los taco un y serrane ricky cnckserranos jefa haga no eso no,discurso de odio
DS_IMG_1802.jpg,ay wey delas canelitas el,Inofensivo
DS_IMG_1806.jpg,el compa av weicompavl cuando la bra mundial va guerra a mexico descongela comenzar a y don roque,Inofensivo
DS_IMG_1807.jpg,los mexicanos al ver impacto hacen que el makeamemeorg,Inofensivo
DS_IMG_1808.jpg,senor trump s s arm eno se podria pasarme tanga mi que se volo me ann,Inofensivo
DS_IMG_181.jpg,cuando desmayas el lado te en oeste cdmx de cuando desmayas lado el te en este cdmx de,Inofensivo
DS_IMG_1810.jpg,por fin logro de cambiar cuerposos memesmexicanos anoss despues de de 25 al mas obiwan fin lo logro,Inofensivo
DS_IMG_1813.jpg,ensenar comoes te voy a mexico el clima en ponte la chaqueta quitate la chaqueta pontela quitatela pontela,Inofensivo
DS_IMG_1814.jpg,adios monja la a loe hola hermana flor la a,Inofensivo
DS_IMG_1815.jpg,s ce se ya huele pozole a,Inofensivo
DS_IMG_1816.jpg,detengan a negrol ese drtotd on gos,discurso de odio
DS_IMG_1817.jpg,tu los temblores eni pero en el simulacro ah vanguardia imx,Inofensivo
DS_IMG_1819.jpg,vendo mesa para hacer dieta,Inofensivo
DS_IMG_182.jpg,suevn clasistal ique es un iosem me responder gusta fan la clasica de musica un 7 51 me gusta sem responder yo todo clasista un,Inofensivo
DS_IMG_1821.jpg,mama cuando da te tu una despues putiza sigue pero con hermanon tu,discurso de odio
DS_IMG_1822.jpg,casi que decidiste tener tu anosp primer hijo alos 15 se siente ser dime que vagabunda tan,Inofensivo
DS_IMG_1823.jpg,trabajo aqui en el todala actitud con,Inofensivo
DS_IMG_1824.jpg,si ya saben como soy i que pa me meten,Inofensivo
DS_IMG_1826.jpg,hencolombiasedice iesta lloviendo e iesta lloviendo s iesta lloviendol iesta lloviendol iesta lloviendol iila ropaaaaaaaal 18aa 19 abr 2018 monserrat p callate a sale ti te no,Inofensivo
DS_IMG_1827.jpg,amplio frente eje jintio con madre je,Inofensivo
DS_IMG_1828.jpg,100 mexicanos dijeron que comosele diceaun mekicanoque lehace barba a su manejador la memegeneratores,Inofensivo
DS_IMG_1829.jpg,alguieni los mexicanos memes son muy dicen graciosos porque que no se nos unicos creemos mexicanosi los memes cuando temblor hay un sabes estas solo si nunca tienes bolillo pal tu susto,discurso de odio
DS_IMG_183.jpg,seymour skinner clarmancobarreda ricardo anaya 2000 estas gastando caguamas pesos en yo es domingo quiera mi lo gasto y como yo iconlascaguamasno,Inofensivo
DS_IMG_1830.jpg,mexi co ccuanto dias michael kors tambien a que en unos piratea el diseno del del canelop se sarape,Inofensivo
DS_IMG_1831.jpg,cuando bailar bts a veo les el y se marca bien rikolino paquetazo ev bts memes amino amino,Inofensivo
DS_IMG_1832.jpg,aquila maestra caidas derobben de pos mecaigo,Inofensivo
DS_IMG_1833.jpg,viernes de princesas,Inofensivo
DS_IMG_1834.jpg,accidente cuando tienes te un y borrar las conversaciones pones a whatsapp de si te por mueres en ambulancia la,Inofensivo
DS_IMG_1836.jpg,pendejo te aver ya dije que soy gaspar no,Inofensivo
DS_IMG_1837.jpg,esta atras persona que cuidado con la banqueta desnivelado esta que pisando yo 3ocm abajo del otror s iquei icomoi icuandoi,Inofensivo
DS_IMG_1838.jpg,nose asustenlil estamos moviendo amexicol imx guardia,Inofensivo
DS_IMG_1839.jpg,un mexicano sorprendidonno mames entretenidonno mames enojadolno mames tristelno mames casustadoeno mames io oillias 12 tortillinas pues si no mames wey,Inofensivo
DS_IMG_184.jpg,pero primero se lo casarias ite debes preguntar conmigor papa a mi coo,discurso de odio
DS_IMG_1840.jpg,cuando los nuevos vez de mototaxis pisos 2 csls toreees teltioreyes 4ta enseriol la transformaciony va,Inofensivo
DS_IMG_1841.jpg,que pasa todos con estos mexicanos memes d,discurso de odio
DS_IMG_1842.jpg,dona cuando pelos te taquito pone un de sin cobrarte mas ee adopteme pelos dona,discurso de odio
DS_IMG_1843.jpg,ville primer lugar en doy gracias los a jueces it gny,Inofensivo
DS_IMG_1846.jpg,cuando cuando digo sea grande doy cuenta yme que grande soy,Inofensivo
DS_IMG_1848.jpg,paises donde hay gente porque emperra que se opinion consultan le su cl un ca m,Inofensivo
DS_IMG_1849.jpg,jesucristo redentor aplacatuara a imx ytu temblor,Inofensivo
DS_IMG_185.jpg,odiael imperialismo recuerda con ejimperio orgullo azteca derechaliberal pumalapitalistalinam coml facebookcoml ok ebo,Inofensivo
DS_IMG_1851.jpg,vale la penani no mearlo,Inofensivo
DS_IMG_1853.jpg,enamore me empaadas la chapota,Inofensivo
DS_IMG_1855.jpg,liberado quetzalcoatl despues de ser 6l del area ratakus ponido yohabia akiy tenochtitlan yanostasv,Inofensivo
DS_IMG_1856.jpg,siendo el iphone 15 igual iphone iphone happleevent el 14yel 15 que,Inofensivo
DS_IMG_1858.jpg,dice ese novia momento tu te que vamos familiarl tener a un nuevo felimosa by pero sale vuelve perrito entrar a con un y lindo jugueton muy y fellimosa by del no casi susto me mames cago,Inofensivo
DS_IMG_1860.jpg,cuando te despiertas en la manana te quedas en y tu cama mirando infinito al,Inofensivo
DS_IMG_1861.jpg,cuando empieza te gustar a alguien o estupido mis ganas soltera de seguir idiota n,Inofensivo
DS_IMG_1862.jpg,mi alejate de model satanasl,Inofensivo
DS_IMG_1863.jpg,entiendelo querida sod siendo tan fea facebook comsorayamontenegrol no puedes dar lujo de te el ser estupida,Inofensivo
DS_IMG_1868.jpg,con o presidente ustedes el esecretariameme alv,Inofensivo
DS_IMG_1869.jpg,te odio,Inofensivo
DS_IMG_1870.jpg,haca yla vieja esa se cree mi amigald racieniomemescem,Inofensivo
DS_IMG_1871.jpg,veces pienso en tener a pareja de nuevo memle mus penle rrnon nu es luego recuerdo que el mismo infierno con diferente diablo dosnt viss nic,Inofensivo
DS_IMG_1872.jpg,callate el ya hocico puto pendeja pareces 0007,Inofensivo
DS_IMG_1873.jpg,miok aay dio,Inofensivo
DS_IMG_1874.jpg,dia cuando pienses que mal tienes un nino recuerda a este que se durmio cayo yse le su tamal ocad mierda,Inofensivo
DS_IMG_1875.jpg,manana iras hijo la escuela tengo a no no gasolina hay amlo y apoyar que a pero papa manana tengo ysi nolo examen mi beca quitan presento me del cartel ei surensmoo maldito huachicolero vendepatras neolacista flil tamlonoestassolo de el prian hyoconamlo te seguro pago,Inofensivo
DS_IMG_1879.jpg,publicare ofensivos ya no memes y de mal gusto bueno uno mas yya,Inofensivo
DS_IMG_188.jpg,chumibebe d achumeltorres idonde denuncia conapred si uno discriminat lo 9153 20 twitter 16 junt for iphone am siglomx e lagrirs de derecnir,Inofensivo
DS_IMG_1880.jpg,quepena naco coneste,Inofensivo
DS_IMG_1881.jpg,jajaja queocurrentes son los nacns creada generadormemescon en,Inofensivo
DS_IMG_1883.jpg,mmmmmmmm ahoraresulta,Inofensivo
DS_IMG_1884.jpg,cuando no tienes chimenea santa pero quiere entrar darteelregalo para,Inofensivo
DS_IMG_1886.jpg,trump hace el si muro joaquin guzman loera vote elchapopo ilflvioten port te a que hagael tunel para,Inofensivo
DS_IMG_1887.jpg,bueno jase puso cnau dejen lugar agarro,Inofensivo
DS_IMG_1889.jpg,practicando la exposicion en casar yen grafica siguiente puede la se variacion apreciar ligera la que logaritmica da diversos factores se por poblaciones igual estas al entre ques exponiendo clase en eehhhhh jeje el cafe leche con el cafe lechees como con es pero pikachu ei,Inofensivo
DS_IMG_189.jpg,semestret cque el paso con comieron se la chinches las,discurso de odio
DS_IMG_1890.jpg,cuando trabajo el en chinga la pero dicen te te que van aumentar a lo ve oallanos los godinez,Inofensivo
DS_IMG_1891.jpg,gustos mis son particulares muy muestrame entonces micanesa ssanguche de,Inofensivo
DS_IMG_1892.jpg,necesito ir bano al necesito ir bano al necesito ir bano al necesito bano ir al asi la traigo weeey,Inofensivo
DS_IMG_1893.jpg,televis que descaro,Inofensivo
DS_IMG_1894.jpg,cuando escuchabas misma la voz en caricaturalpelicula diferente una yego s81 yo te conozcon,Inofensivo
DS_IMG_1895.jpg,odio ser pobre odioi lo,discurso de odio
DS_IMG_1896.jpg,mira esta mas pendejo este que tu,Inofensivo
DS_IMG_1897.jpg,cada siento vez que que no ya mas vida puedo mi con me d edna moda imagino a diciendome enfrenta ell ive problema e lea pe gana,Inofensivo
DS_IMG_1898.jpg,wody para eso se usan loscondones para evitar que nascan pendeios come este,Inofensivo
DS_IMG_1899.jpg,el kse equivocax profer yoh profe equivoco ahi se el profer era si estalban para ver atentos,Inofensivo
DS_IMG_19.jpg,nomos abs l racistas hizo creo esto nos gue s par nomes oes,Inofensivo
DS_IMG_1900.jpg,vida en redes en real las la lt mobil me tels 88261l 15 boss,Inofensivo
DS_IMG_1901.jpg,coni este pinchefrioo hay que traer bien tapado el chango,Inofensivo
DS_IMG_1904.jpg,miujita ay  ati nose te quitalochismosa,Inofensivo
DS_IMG_1905.jpg,momento dame un amigo llamare un a pendejadas experto en efectivamente rick si pendejada es una,Inofensivo
DS_IMG_1906.jpg,i les presento m a novioodigo amigo si amigo,Inofensivo
DS_IMG_1908.jpg,lalguien mas siente de un poco al de temor este ver campo colest,Inofensivo
DS_IMG_191.jpg,navidena papa tio cuando tu la el ytu en cena abuelo chiste mas machista clasista cuenta el y escuchado racista vida has tu en que eaos,Inofensivo
DS_IMG_1910.jpg,cosas quenote anan vanapasar uig dia ifeliz padrel del,Inofensivo
DS_IMG_1911.jpg,mas cuando de explican 3 algo me veces y entender sigo sin,Inofensivo
DS_IMG_1912.jpg,pues lamordi yera una abeja,discurso de odio
DS_IMG_1915.jpg,dia no es igual el del padre dia la madre que el de simis di es similar mas lo mismo barato pero,Inofensivo
DS_IMG_1918.jpg,dormir yax ete vas a tci guenas noches,Inofensivo
DS_IMG_192.jpg,enojada dijior bolivia seria me muy y e mudas mismo te ahora con tu tio psspl manuelii andres rates de,Inofensivo
DS_IMG_1920.jpg,de despues yo el de 1ro enero haberme comido hasta ell unicel o pb,Inofensivo
DS_IMG_1923.jpg,salgaisii no ai cabrasespatanas wwww com cabra li iseant atevamoja li,Inofensivo
DS_IMG_1924.jpg,volvere morder no a tus zapatillaso manana hasta 0,Inofensivo
DS_IMG_1926.jpg,serioy en lo me jurasy,Inofensivo
DS_IMG_1927.jpg,miamigo cuando esta punto a algo indelbido decir de en frende de mis padres,Inofensivo
DS_IMG_1928.jpg,aviso tiempo les con nadie recibir va a regalos esta navidad quedo me en casal,Inofensivo
DS_IMG_1929.jpg,ipedimos algo de comern no puedo 13 martes es ieres supersticioso no hasta el 15 pagan me squenda,Inofensivo
DS_IMG_193.jpg,enrique galvan ochoa agalvanochoa el 30 de dia de el internacional marzo conmemora se trabajadoras del hogar a ninguna cierto ha las le por ido bien yalitza aparicio falta tan como a recorrer laboral mucho camino estatus tengan que para un estados unidos europa en o como o lyijtzfvo bit translate tweet,discurso de odio
DS_IMG_1930.jpg,mama pero dia nada primer no se hace el,Inofensivo
DS_IMG_1932.jpg,cuandovas al gym 1o pezon yhaces puro,Inofensivo
DS_IMG_1934.jpg,celebrar quisiera alo grande aveces eldia de valentin san luego recuerdo tengo pero que no novio se me masa v onoradormomes rom,Inofensivo
DS_IMG_1935.jpg,hola queria cambiar trasto este el lleva fallando desde verano yqueria devolverlo cambiarme ysi pudiesen tambien estaria genial el fax,Inofensivo
DS_IMG_1936.jpg,mi de reirte hermana mama ya deja de tu bonito queda corte le su mi hermana,discurso de odio
DS_IMG_1937.jpg,aqui eltrabajo en todalaactitud con,Inofensivo
DS_IMG_1938.jpg,hara tia le dano no tamal asiz el asi comox e asi ayudar hacerlos sin,Inofensivo
DS_IMG_1939.jpg,a dia todos padres feliz los a,Inofensivo
DS_IMG_1940.jpg,veias te publico en no tu con ex,Inofensivo
DS_IMG_1941.jpg,cuando entero el me que brasil coronavirus illego chile a ya y tengo miedo,Inofensivo
DS_IMG_1942.jpg,te gusta el rocks eo si encanta me quien iy escuchasy a mucho sme gusta mana mamon seas,Inofensivo
DS_IMG_1944.jpg,icasi que corre corazoneh corre corre nocorria educacion eni fisica voyaestar corriendoporti,Inofensivo
DS_IMG_1945.jpg,felizdomingo manana recuerda trabajas memegeneratores,Inofensivo
DS_IMG_1946.jpg,si profe escierto comi yo me la tarea,Inofensivo
DS_IMG_1948.jpg,algo malo debe tener trabajo el o ricos los ya lo habrian acaparado frases,Inofensivo
DS_IMG_1949.jpg,tio telo juroo d dormi habia cuandome no nada cuando y me salon desperte estaba jugueatesn el lleno de,Inofensivo
DS_IMG_195.jpg,pov rellenandola renta f imgip com,Inofensivo
DS_IMG_1951.jpg,como si saben soy pa que dejan el pan la en mesa,Inofensivo
DS_IMG_1952.jpg,si pero en dijiste me tenias que varias cuentas facebook,Inofensivo
DS_IMG_1953.jpg,vs senor nunca te he pedido nada pero d dos america messi gane copa la que,Inofensivo
DS_IMG_1954.jpg,cuando recibes el regalo tu cara del amigo secreto,Inofensivo
DS_IMG_1956.jpg,felizdia estudiante del memegeneratores,Inofensivo
DS_IMG_1957.jpg,plojo el herrera contra cuba on s sutboleros un nal sarcasmos pero en a la copaamerica,Inofensivo
DS_IMG_1962.jpg,cuando te violan tegusto que resulta y,Inofensivo
DS_IMG_1963.jpg,cuando desafina te se rose olvidaste el floyd pero llave la allen en casa asi2 que ipor eres guitarristas,Inofensivo
DS_IMG_1964.jpg,cuando mal tengo un dia automaticamente yo s,Inofensivo
DS_IMG_1965.jpg,yde repente todos swackawis jenre cise whiskey picamemec felices enladeficina,Inofensivo
DS_IMG_1968.jpg,s hijos sin con una hija,Inofensivo
DS_IMG_1969.jpg,tusestadosdefb vi vaa llegar un diccionario te esta navidadil,Inofensivo
DS_IMG_197.jpg,la que nunca aprendid a diferenciarentire ay 9 hay ahi mikel 49 xd corregir la ortografla de alguien clasista la es ortografla otro es discriminaciong medio dle,Inofensivo
DS_IMG_1970.jpg,desmotivacioneses star wars ensena nos los malos de las peliculas los politicos que mas son,Inofensivo
DS_IMG_1971.jpg,cuando hice si la preguntan me tarea yo memes,Inofensivo
DS_IMG_1972.jpg,publicar ya van empezar a a facebook en pan cafe sv coin s maman te amo ni ayudan y le los trastes lavar a,Inofensivo
DS_IMG_1973.jpg,cuando baja te no pero recuerdas aun eres que virgen sanandres lafalla de,Inofensivo
DS_IMG_1974.jpg,cuando hermana i trata m me demasiado bien sin pedirme nada a cambio,Inofensivo
DS_IMG_1975.jpg,la naturaleza maravillosa es,Inofensivo
DS_IMG_1976.jpg,guardia civil la recuerda ios que que beben vuelven beber a y los el rio en son peces todos los para caom demas son 6 puntos,Inofensivo
DS_IMG_1977.jpg,soy godin s papeleria cuando agarran de mi regresan lugar y no me la,Inofensivo
DS_IMG_1978.jpg,programare la fecha de nacimiento de mihijoi para este 29 de febrero regalo de cumpleanos cada jun 4 anosi negocio fel mejor del mundon,Inofensivo
DS_IMG_1979.jpg,lyo yendo a encontrarme con s mis amigos d para o planes los que hice cuando estaba de humor mejor,Inofensivo
DS_IMG_198.jpg,odioalas clasistas personas memegeneraton es,Inofensivo
DS_IMG_1980.jpg,famorsh extranor te,Inofensivo
DS_IMG_1981.jpg,when el la que usa filtro de perro te no quiere pack pasar v corps snin scosy anw snacks gallas xdxxd ezkuai avizluna lo,Inofensivo
DS_IMG_1982.jpg,memes navidenos muy graciosos para felicitar las fiestas,Inofensivo
DS_IMG_1983.jpg,cuando llega la navidad en pero cuarentena no puedes salir i video vamos allamar por para llamada molestar a todos,Inofensivo
DS_IMG_1985.jpg,mi gfa este chamaco tardo ya se idonde estarar participante yok h350 s,Inofensivo
DS_IMG_1988.jpg,a a clse sera mas facil decian trabajar desde casa tendras mas decian tiempo libre llic licl soo lice,Inofensivo
DS_IMG_1989.jpg,fallare un penalti i aadas dosno memedeportes razonobles com mas porecidos en,Inofensivo
DS_IMG_199.jpg,bolivar simon parque rectoria viaja a festivales y conciertos desde toluca aqui nenill estoy hya,Inofensivo
DS_IMG_1990.jpg,noerala correcta ylo sabes memegeneratores,Inofensivo
DS_IMG_1993.jpg,preparensed se acercan las de fotos perfil de cuando eran ninos,Inofensivo
DS_IMG_1994.jpg,claus los juguetes si santa hace en el polo norte made por que dicen in china chardlastramx momonnentoing,Inofensivo
DS_IMG_1995.jpg,ghistes inferan ragstas y ofenfivo digal ld wandio yo cycando etcun sera nunca a vaya podamon jer no que nada dwar,Inofensivo
DS_IMG_1997.jpg,dia los inocentes de veluda yyo caer,discurso de odio
DS_IMG_1998.jpg,ohopesuny alilparkeer ochoa yo cuando el penals paro,Inofensivo
DS_IMG_1999.jpg,de fin semana de crucerol pala cruzo cocina cruzo pa la salay mafalda dice palr cruzo cuarto asins y,Inofensivo
DS_IMG_20.jpg,chistes racistas elhumores humor chisies racistas ceres elhumor racistad es humor,discurso de odio
DS_IMG_2001.jpg,todos te desean feliz navidad menos elgato,Inofensivo
DS_IMG_2002.jpg,que borracho estoy no s s puedocaminar solo,Inofensivo
DS_IMG_2003.jpg,se queda en su casa calentito dia al y un 100 paga pavos por siguiente desayuna entrada de una churros nochevieja,Inofensivo
DS_IMG_2005.jpg,no necesaria era u maldad tanta,Inofensivo
DS_IMG_2006.jpg,hija dice que vas bien muy en ml la escuelaquinclusola ayudaste si yaparaelanoy mierdo mes,Inofensivo
DS_IMG_2009.jpg,que le traigox hamburguesas 2 doble porcion con fritas de papas oh espera companiax senorita la comida es compania mi,Inofensivo
DS_IMG_2010.jpg,este disfrazare halloween de me mentiras tus  nne el eres ncantas onicobb db,Inofensivo
DS_IMG_2011.jpg,es como asi nacen y g sede camioneros los,Inofensivo
DS_IMG_2012.jpg,ss uamemes creo temblare ahora que,Inofensivo
DS_IMG_2013.jpg,lwey jah,Inofensivo
DS_IMG_2014.jpg,feliz dia de sanivalentin,Inofensivo
DS_IMG_2015.jpg,epecto coronavirus pagas el gimnasio para maane cahora n ir nunca no y puedes lr que no hacer te pones a pilates casa en lid lea draw c aa,Inofensivo
DS_IMG_2016.jpg,muchofrio chace necestoque alguien brinde calor me serenasyoo frio tambien tengo yo es grandiosor no friend zone manana hoy siempre y,Inofensivo
DS_IMG_2017.jpg,cuando finjo prestarle atencion mi jefe a pero en d realidad calculando estoy cuanto falta para comer,Inofensivo
DS_IMG_2018.jpg,aqui se ve claramente el que del padre dia te no nada regalar van a,Inofensivo
DS_IMG_2019.jpg,yo anonymous esperando que a el ingrediente secreto exponga de cangreburger la o e,Inofensivo
DS_IMG_2023.jpg,que toda cerveza tengas dame la memesl tecaachalen acatzingoicpeaca i fin esleyseca que de este semana,Inofensivo
DS_IMG_2025.jpg,cbiel dijiste cmon que eras grupos de adminis en whatsapp trador,Inofensivo
DS_IMG_2027.jpg,bien cuando solo comportas te diciembre recibir poder en para regalos navidad de nod cque trucazo,Inofensivo
DS_IMG_2028.jpg,repasa para test un equivoca se de materia menmegeneratores,Inofensivo
DS_IMG_2029.jpg,holasoy krilin estoes 1000 y maneras de morir memegeneratones,Inofensivo
DS_IMG_203.jpg,fiesta de nacos sas s j tiktok wance,Inofensivo
DS_IMG_2030.jpg,fulas debido covid 19 se al cancelala entrega de regalos soy tercea de la edad pmaruedocntanne puntzaposom,Inofensivo
DS_IMG_2032.jpg,recen coche lavado correla voz dre,Inofensivo
DS_IMG_2033.jpg,llegaste que bueno que elarbol se desmayo,Inofensivo
DS_IMG_2034.jpg,no estoy gordo estoy pasado de bueno,Inofensivo
DS_IMG_2035.jpg,cuandotu camello tiene matricula par memegeneraton es,Inofensivo
DS_IMG_2036.jpg,alver ver a 10 od caquienle jodo la vida hoyp,Inofensivo
DS_IMG_2039.jpg,por lo poco me creo lagresns,Inofensivo
DS_IMG_2040.jpg,ensenando con memest ctu o iwhatssssill,Inofensivo
DS_IMG_2041.jpg,anosaun llevas gran cuando nivel s  quete empiezaa gente yhay juegascontra conocer porque el madrid,Inofensivo
DS_IMG_2042.jpg,cuando mamame persigue conilachanclall,Inofensivo
DS_IMG_2043.jpg,no es nada comparado ser madre de dragones aguantarme con tener que amd mamai ite quiero,Inofensivo
DS_IMG_2044.jpg,frio el espsicologicoit,Inofensivo
DS_IMG_2046.jpg,mijo dice la pc me que gabra ventanal un perolesta illoviendoll,Inofensivo
DS_IMG_2047.jpg,mi relacione quien manda novial la en yo tu enfrente preguntes pero no me d okeis de mis amigos,Inofensivo
DS_IMG_2048.jpg,ejemplo cuando coach el te como usa ioo debe de hacer lo que no se futbolgirs w,Inofensivo
DS_IMG_2049.jpg,diciembre enero,Inofensivo
DS_IMG_205.jpg,droone ouien dc ee edes mas vs ocelende yo yesto podran darse cuenta es un memey como es solo necesario arderse lb imagen por una yno es dicew que mroldangy progresistas mas oye oye cerebrito despacio,Inofensivo
DS_IMG_2050.jpg,estoy aburrido estabas,Inofensivo
DS_IMG_2051.jpg,favor por  que no empiece ellunes,Inofensivo
DS_IMG_2052.jpg,eldia del padre conquenome jodan con eso tengoi,Inofensivo
DS_IMG_2053.jpg,morbo cmorbohtk cuando navegador prestas tu escriben x una y s,Inofensivo
DS_IMG_2054.jpg,recuerde mascarilla usar alcohol y d o,Inofensivo
DS_IMG_2055.jpg,yisus tuiteror el aunsinletras se chavas fotos si vato toma su se asi vayanse acostumbrando al salario minimo toda vida su o,Inofensivo
DS_IMG_2056.jpg,imaginate en querian mexico me dar frijoles gtra cacc wld,Inofensivo
DS_IMG_2057.jpg,tu que estudiaste oye mijito criminalisticam wwa mocereses com checa ya estan si bien muertas las caguamas,Inofensivo
DS_IMG_2058.jpg,cuando quiero te yo mi pero tu no aa,Inofensivo
DS_IMG_206.jpg,angel alitangelus ya casi las clases regresamos a no puede ser clasismo miedo clase ir a a,Inofensivo
DS_IMG_2060.jpg,xstoyen atractiva esa edad tan soo que hasta conseguir tres citas pude valentin en san gam oftalmologia cardiologia ipme castroenteroimme anm,Inofensivo
DS_IMG_2061.jpg,desde entonces nada fue igual ya ssazzzozos,Inofensivo
DS_IMG_2062.jpg,aplausoalos un ninos que hicieron llorara sus hermanos halloween en,Inofensivo
DS_IMG_2063.jpg,arrestan cuando te vas y basuralnutil al carcel llegar la ves y a infancia de la amigo tu a memedroid alegro verte de me o estes aqui yque terrible que,Inofensivo
DS_IMG_2064.jpg,mexico esperando el debut de fan 10 lacopaoro en,Inofensivo
DS_IMG_2065.jpg,sera marilyn monroe vestidos tiene pues de ell muy pero estilo mi peter griffin kim kardashian la que mas fmetgalazo22 met gala fmetgala getty mages oncos,Inofensivo
DS_IMG_2067.jpg,fotos mirando de cuando hera yo bebe,Inofensivo
DS_IMG_2069.jpg,del de terminar rutina despues la gym calos sestoull,Inofensivo
DS_IMG_207.jpg,antes era emos evolucione ahora y soy clasista gayy,Inofensivo
DS_IMG_2070.jpg,garcinuno chaplin agongoresque como dices illama se que perro2 tu bimbo o,Inofensivo
DS_IMG_2071.jpg,me quiero morir s  llegola acuerdoi que pero me navidadseme pasa,Inofensivo
DS_IMG_2073.jpg,no me considero importante tan dicho han que pero me domingoes ell de este ramos,Inofensivo
DS_IMG_2074.jpg,cuando abres paquete un de chicles clase en davinchus,Inofensivo
DS_IMG_2075.jpg,no habra tercera guerra mundial vamos a viviril nuevo coronavirus vamos moriri a,Inofensivo
DS_IMG_2076.jpg,tenia tu pareja ex ya dejartes de antes,Inofensivo
DS_IMG_2077.jpg,yo riendome de hormiga una i mi illevo el viento la se que mama mirandome sin saber que hacer igo conm,Inofensivo
DS_IMG_2078.jpg,tepregunte de quieres cque regalop aunque dijiste d sea una me jl mierda,Inofensivo
DS_IMG_2079.jpg,srf srf officialgs csrf cuando preguntan la te porque de letra enviaron la carta te que valentin san la se en parece a tuya a gl awa loading officialg6 osre,Inofensivo
DS_IMG_208.jpg,mas fuertel los hacen te errores erubiel onnon,Inofensivo
DS_IMG_2080.jpg,el puede ano ser nuevo pero flojera la la lisma m es,Inofensivo
DS_IMG_2082.jpg,dice alguien ofensivo algo sobre cnco yoi lunes sos el como todos odian te memes,Inofensivo
DS_IMG_2083.jpg,mensaje de la maestrai les lista de materiales enviamos la que sus dd hijos deben traer es para una sorpresa ya quiero abrir i m regalo sorpresa misma que yo me compre,Inofensivo
DS_IMG_2085.jpg,19988 tengo 10 anos zoibaun tengo 10 anos porfavor ensename tu jutsu eses inmortalidad jutsu de intentado de todos los lo han ell de ash ell perfecto que mas esr,Inofensivo
DS_IMG_2086.jpg,critica la juzga que a y todo mundo el o ono santasauria,Inofensivo
DS_IMG_2087.jpg,que menos solo le mal las puntass duje,discurso de odio
DS_IMG_2088.jpg,ibaa me aitrabajar levantar pero acorde me domingo que es,Inofensivo
DS_IMG_2089.jpg,csi tomate es una el fruta set entonces la salsa de tomate tecnicamente es un batidop,Inofensivo
DS_IMG_209.jpg,malvinas i las son tuyas m quispe ss seesees limakistan hermoso 129k,Inofensivo
DS_IMG_2090.jpg,felizano nuevo,Inofensivo
DS_IMG_2091.jpg,cuando acabas de te sentary mama grita nombre tu tu fck,discurso de odio
DS_IMG_2092.jpg,que dia bueno termino que ya el del ninoo pongan otra sus fotos vez de vaciay suenos mirada adultos con su rotos,Inofensivo
DS_IMG_2094.jpg,veces no ganas deiravotar me dan a acuerdodeia luego me vse me pasa mulita,Inofensivo
DS_IMG_2095.jpg,estuvimos viendo tu muro en facebook esteano vamosa te regalari diccionario un memegeneraton es,Inofensivo
DS_IMG_2096.jpg,ique le mi parece pronunciacion ingless en profe del mientras salga no todo bien pais d yos,Inofensivo
DS_IMG_2097.jpg,das ese momento en el que te cuenta s   tucumpleanos justog que es mas tupadre meses tarde queel de,Inofensivo
DS_IMG_2098.jpg,cuando ell tu cara profesor copiandole la te ive companero tarea a un colleg es com s e,Inofensivo
DS_IMG_2099.jpg,fin nacio al salvadoru nuestro,Inofensivo
DS_IMG_21.jpg,al ton ddne ss e mareh smrate criie suficiente noes racistas ser no con ser que hay antirracistas se ms conos mirates ly prr,Inofensivo
DS_IMG_2100.jpg,siento que aveces missing doremiau prestan me no atencion,Inofensivo
DS_IMG_2101.jpg,del mundor ktermina ein siendo 2021 en dislexico profeta el que el dijo seria 2012 en que visible ration frust,Inofensivo
DS_IMG_2104.jpg,prino inira molsta es q iese elperro me,Inofensivo
DS_IMG_2106.jpg,m esta tan gato gordo que le entran mis calzones ya,discurso de odio
DS_IMG_2108.jpg,cuando faltan dias 2 de febrero 14 para meme tristes ahi viene,Inofensivo
DS_IMG_2109.jpg,iba quien pensar a que terminariamos igual dinosaurios los que ooo doel se sentadosenla sala extincion esperando nuestra,Inofensivo
DS_IMG_211.jpg,yo i igo iendo ten am con m platica la masr ista homofoba rac clas istas machista xenofoba y posible,Inofensivo
DS_IMG_2111.jpg,romanticas cuando peliculas veo empiualai,Inofensivo
DS_IMG_2112.jpg,una cerveza por favor tengo jque olvidaraesa perra,Inofensivo
DS_IMG_2115.jpg,dia del ifeliz padrel fara e fuie,Inofensivo
DS_IMG_2116.jpg,hacer meme un ofensivo lo mas hacer meme hacer un meme un posible pensando de purble place realmente lo que que eso es grasioso yno lo hace grasioso necesariamente ofensivo,Inofensivo
DS_IMG_2117.jpg,k creisi akcreisi cuando mis nietos pregunten me 2020 fue tal ell que oo,Inofensivo
DS_IMG_2118.jpg,cuando al fin sales tu con de tinder jamas cita pero medias mencionaste cuanto hipost,Inofensivo
DS_IMG_2119.jpg,cuando dejas trabajo te un que no otro gusta tampoco te por que descubres lo gusta te que que no y trabjar gusta es,Inofensivo
DS_IMG_212.jpg,alex alexvera221z 11h estuvo firmer alguien ramone chido el concierto de visto mi tio grupo a a,Inofensivo
DS_IMG_2123.jpg,cuando revisando mis estoy apuntes de matematicas como acuerdo ynome saque resultado el lo zuped komo,Inofensivo
DS_IMG_2124.jpg,yo cada alguien leo que a vez quejandose agobiado la por y selectividad pienso la le y que espera en universidad cuando entre la en,Inofensivo
DS_IMG_2125.jpg,cuando de casi controlo mi ataque risa voltear ver se me ocurre a y a mi ligo am mi amigon,Inofensivo
DS_IMG_2126.jpg,paquete bienvenida s de del vecino del piso de arriba,Inofensivo
DS_IMG_2128.jpg,lo buenos de esta lluvia es que no va a salir ese maldito perro en cualquier momento pasa pendejo el de moto la,discurso de odio
DS_IMG_2129.jpg,cuando tienes la apenas mes en empresa un posada la yen 50 pantalla de pulgadas te la ganas goofy dj entertainment,Inofensivo
DS_IMG_213.jpg,perdon pero hablo no gente tuvo que con no d a o0 oro civel s0,Inofensivo
DS_IMG_2130.jpg,enojadad amors cestas eo no ss princesad segura e sl e ra sonrisita ver una,Inofensivo
DS_IMG_2131.jpg,alguien te decir algo te pero no voy a rias yor cualquier podcast,Inofensivo
DS_IMG_2132.jpg,queria te dar balonazor cquien un guens eubot f futbolerd,Inofensivo
DS_IMG_2134.jpg,yo ven de dar mi mama seguro me va a regalo mi yo ti vientre cargaste tu a que en dolor jsd cansancio y mi mama,Inofensivo
DS_IMG_2135.jpg,cuando descubres pocoapoco vas haces yte tutoriales en practicando experta youtube,Inofensivo
DS_IMG_2137.jpg,icarisimo por cierto,Inofensivo
DS_IMG_2139.jpg,estas cuando viendo ias noticias tu con esposa mato relacionadas mujer marido una que a su con a podran yella mi agarrary murmurai nunca me,Inofensivo
DS_IMG_214.jpg,hombre borracho arma vergueo clasista empuja dama a una yes con alguien media de clase baja feministas 6 todos somos humanosy cometemos errores alcoholico maldito isogino clasista te m y odio,discurso de odio
DS_IMG_2140.jpg,banando si estas te te y se jabon el al piso ise ensucia cae jabon el pisoz el limpia o se soylunamemes impaktada,Inofensivo
DS_IMG_2141.jpg,krilin sabia hanonymousdiceque cosas por en eso oportunidad mataban cada lo c,Inofensivo
DS_IMG_2142.jpg,asi se ve y unapelicula de miedo suspense kx familia en,Inofensivo
DS_IMG_2143.jpg,ell chingue ell te esta que agrega que vchingue habla te ynot,Inofensivo
DS_IMG_2144.jpg,mandame amor foto una j eno recientes tengo mandame sno importa viejita una,Inofensivo
DS_IMG_2145.jpg,de hay jamaica si mexico en agua de mexicol hay jamaica en agua,Inofensivo
DS_IMG_2146.jpg,amigo cuando id illevas tu a comida familiar la le a se y sale amori imi un ila exhibistel iya nos,Inofensivo
DS_IMG_2147.jpg,cuando preguntan me celular que tengo huawei carisimo ciertons por,Inofensivo
DS_IMG_2148.jpg,yor espero ansias con que mi dia libre sea yo mi dia librer en,Inofensivo
DS_IMG_2150.jpg,cuando da te un calambre enla nmemeadicto piernaalasy manana dela,Inofensivo
DS_IMG_2153.jpg,madrid yel maon comoha quedao,Inofensivo
DS_IMG_2154.jpg,cy usted estrenar ropa va navidadf esta para me pondre misma dell la ano pasado al revez pero,Inofensivo
DS_IMG_2155.jpg,cuando i nunca dicen dejes de me sabes sonreir quien porque no se ro de puede sonrisa tu enamorar yos,Inofensivo
DS_IMG_2156.jpg,tuyyo 15 de el septiembre,Inofensivo
DS_IMG_2157.jpg,nada como llegar tu cuarto a despuesde estar todo eldia enla sala,Inofensivo
DS_IMG_2158.jpg,dia primer ejercicios yoy el de avitaleaig,Inofensivo
DS_IMG_2159.jpg,cuando 18 tenga me voy de ir la tener a casa voy a i propio carro ser m voy a y d independiente yo los 20 ii a haces ma me d huevito n jeje un rc,Inofensivo
DS_IMG_2161.jpg,141 de febrero cuando terminan,Inofensivo
DS_IMG_2162.jpg,cotro memest tema de mas cuentame,Inofensivo
DS_IMG_2163.jpg,car esauto si menes y hombre entonces mi tia carmen transformer es un,discurso de odio
DS_IMG_2165.jpg,d internaclional adios cheems,Inofensivo
DS_IMG_2166.jpg,tengo tu narizh,Inofensivo
DS_IMG_2169.jpg,buenas me dijiste que no decisiones tomabas,Inofensivo
DS_IMG_217.jpg,quiere criticar clasismo el clasista es e idiota memegeneratores,Inofensivo
DS_IMG_2170.jpg,una conte vez un quimico chiste 8 milk pero no hubo reaccion,Inofensivo
DS_IMG_2171.jpg,te el mejor crees yte metio 4 goles mbappe la final en,Inofensivo
DS_IMG_2173.jpg,estas si qatar puedes ir jugando sea comos no a casa casa en,Inofensivo
DS_IMG_2174.jpg,cuando gfa regana te tu algo hiciste que no por zuficiente,Inofensivo
DS_IMG_2175.jpg,siyo no shahhn que duermo duerme ino nadie,Inofensivo
DS_IMG_2176.jpg,atiranidos mundo illamado comer van a un catachant habitantes los talvez unos machetazos te hagan reflexionar,discurso de odio
DS_IMG_2177.jpg,mama isoy feot de pendejo ierda ayp asustaste m me d sal de aca,Inofensivo
DS_IMG_2178.jpg,imedicos iquienes i somosh gos lnleins mag boredpanda com,Inofensivo
DS_IMG_2179.jpg,alcoholicos anonimos felicita argentina a otro ano sin tocar copa una,Inofensivo
DS_IMG_2180.jpg,cuando subo me al micro con miiphonea icarisimo por ciertor,Inofensivo
DS_IMG_2181.jpg,cuandoiveola deguadalupe rosa con huawel pbopro mi,Inofensivo
DS_IMG_2183.jpg,cuando bestfriendytu tu persona que odias venala,Inofensivo
DS_IMG_2185.jpg,gracias porelpuente migue vales nunca cambies mil 5,Inofensivo
DS_IMG_2186.jpg,m imemeflix i cuando pero sirven el pozole te pruebas esta bien caliente lo y memeflix,Inofensivo
DS_IMG_2189.jpg,cuando profe deja de el te tarea 4 entrevistar a personas,Inofensivo
DS_IMG_219.jpg,mia yla culpa era mo s como vestia ni estaba ni donde s estan ilo disfrutandoll e memedroid mrx6g,Inofensivo
DS_IMG_2190.jpg,adios fa vaquero,Inofensivo
DS_IMG_2191.jpg,yo aguantando risa cuando alguien la me esta peleando dice palabra mal una y agincaapes uzye ts q me memes,Inofensivo
DS_IMG_2193.jpg,tiempos oscuros acercan harry se chandbookofcial empiezan clases las ya,Inofensivo
DS_IMG_2194.jpg,m imemeflix cuando quien te ves por cambiaron  pero ella si a quiere la memeflix,Inofensivo
DS_IMG_2196.jpg,solo te lo voy a decir una vez e comida dame ahora com dud,Inofensivo
DS_IMG_2197.jpg,noel senor ha salido,Inofensivo
DS_IMG_2198.jpg,hhombres t vaqueros en otros pais en mi paises naons,Inofensivo
DS_IMG_2199.jpg,que hacer el vas febreros de 14 soltero codiciado ssssssss trabajar juevesk es,Inofensivo
DS_IMG_220.jpg,cuando quiere mejor amigo tu no manejar el coche bombas memedroid ososovieticons dara xdxdxd soi tu mejor te importo amegono,Inofensivo
DS_IMG_2200.jpg,como si saben soy para que meinvitan memegeneratores,Inofensivo
DS_IMG_2202.jpg,k yor checo saldo k mi en ceros cancer googler de quincena d s,Inofensivo
DS_IMG_2204.jpg,cuando kinder hoy un vas a dia en anesvimx mateo dylan santi t san iker mateo dylan santi ker,Inofensivo
DS_IMG_2206.jpg,cuando comprar se te olvida regalo de san valentin el yrecuerdas estas que soltero,Inofensivo
DS_IMG_2207.jpg,todos si listos ya darelgrito para tcye callamos que s nez los god yuno aqui como menso trabajandon,Inofensivo
DS_IMG_2208.jpg,cuando dice alguien presento me con y me iencantadof co,Inofensivo
DS_IMG_2209.jpg,k yo anos chiste 5 cuento un con mi viejar chiste hijo buen muy eres muy graciosos mi viejor incontenible krisa k,Inofensivo
DS_IMG_221.jpg,no gustala modade me nueva los memes ofensivos para eso estan los negros con perdon memegeneratores,discurso de odio
DS_IMG_2210.jpg,oz fcb otra vez no,Inofensivo
DS_IMG_2211.jpg,hay peda i pero tu en casa vemenx,Inofensivo
DS_IMG_2215.jpg,camion hablando de de los el chismex un yo oye paso pero que quez o,Inofensivo
DS_IMG_2217.jpg,avudame atoro risa a me se mema,Inofensivo
DS_IMG_2218.jpg,gasolina mirenme yo tengo ji sl,Inofensivo
DS_IMG_2219.jpg,notaen el examen tu 213 kelvin es chs ichlx 8 2 milk so o seas cero absoluto,Inofensivo
DS_IMG_2220.jpg,acostar yo me roy a nos vamos mi galo acostar a x q,Inofensivo
DS_IMG_2222.jpg,tengo ejercito un tenemos achuck norris,Inofensivo
DS_IMG_2223.jpg,vistete como fueraa verte tu ex si,Inofensivo
DS_IMG_2224.jpg,cuando escorpio queda te un se mirando sabes si le gustas yno estas estas de peligro muerte o,discurso de odio
DS_IMG_2225.jpg,cuanto que es 2124 no mames solo yo vine por tinner gratis el,Inofensivo
DS_IMG_2226.jpg,senor pero transgenero icomo quiere que taly loacepten comoes cuandousted mismo acepto talycomoest no se lgs 0 o,Inofensivo
DS_IMG_2227.jpg,bert strips espeanol en debido sentido extremista carnivoros a su archivaldo degollar todo elmo comienzan y a a aqus considere que vegano se southpark latinocom wwwa d alguien que a esos idiotas su lugar tenia poner en,discurso de odio
DS_IMG_2228.jpg,ya dejenos salir jefe callamos que los nez god que nove eselgrito hoy,discurso de odio
DS_IMG_2230.jpg,anonimoust regresa pendeja gente diciendo le que mascara io las cop de la papel a casa ahi viene,Inofensivo
DS_IMG_2231.jpg,bien sientate no se muy como esto decirte no ya tienes hamster,Inofensivo
DS_IMG_2233.jpg,achinga mensaje un puto ni espero rreporteemes te com,Inofensivo
DS_IMG_2235.jpg,mjo que noespaeso venga,Inofensivo
DS_IMG_2237.jpg,de yo 14 febreromn este senora esta atras soy la que,Inofensivo
DS_IMG_2238.jpg,cara cuando tu sentiste temblor el,Inofensivo
DS_IMG_2239.jpg,nuevas cejas estilo mcdonalds  me encantal,Inofensivo
DS_IMG_224.jpg,descompones when la letra h de teclado tu destrui lo unico amaba que escribes o o but entai sugerencias en y hentai co aparece c siempre xd puedes confiar big mama en,Inofensivo
DS_IMG_2243.jpg,eanatls a e licenciatura dounin puedes e isia uuamente auunaue estudiar surone axeisos teditenialogande axtano en yaes posiblecursaresta memes tas fuu ctiulo a nogodple r cnnng tus douons vac canea cun cug fin sere pof alguienenla vida,Inofensivo
DS_IMG_2245.jpg,noqueda nada para julio cmnlo 5 julio viene flojo,Inofensivo
DS_IMG_2246.jpg,no dejo de pensar en tl dia en desde el que tepreste dinero memegeneratores,Inofensivo
DS_IMG_2247.jpg,hace poquillo de calor un peroya pa voy ya emegenes,Inofensivo
DS_IMG_2248.jpg,fuiste usa buscando te la a llevas casi ano progresoy un no y enviado ni has un peso,Inofensivo
DS_IMG_2249.jpg,barcelona 26 22 2 2 49 9 40 68 real madrid 26 17 5 51 21 30 56 2 4 salganse de facebook ied quiero estar solo,Inofensivo
DS_IMG_225.jpg,oleyque plensasdel lgbic quees una mierda primo io i0 primo memearsenalru,Inofensivo
DS_IMG_2251.jpg,estamos junio en aun julio espera,Inofensivo
DS_IMG_2252.jpg,mi 3 presi cuantas 0 ois,Inofensivo
DS_IMG_2253.jpg,chicos si revisar le van a el celular novia no a su busquen conversacion una hombre revisen la con un ahi de amiga mejor su esta todo iya exhibistel nos,discurso de odio
DS_IMG_2255.jpg,viendo yo organizan como sus noches mexicanas callamos que los nez god,Inofensivo
DS_IMG_2256.jpg,cuando plique ve la amarilla vermaelen y jugara en mestalla ficb itengo miedol,Inofensivo
DS_IMG_2257.jpg,de dorm irt eno te cansas corriendos duermo cacaso,Inofensivo
DS_IMG_2258.jpg,debajo de dolor mis i oculto mangas m roy fue 9 delvalle assemoletutm bbf arolades sources esmx s,Inofensivo
DS_IMG_2259.jpg,acerca semana se santa igualhay que trabajar cegenerator net,Inofensivo
DS_IMG_226.jpg,familia de alessia viendo familia de la el cartel picante tiene la que bambino hgranhermanochile hgranhermanochy cosa que d vas mas clase media aornet ds s ys s,Inofensivo
DS_IMG_2261.jpg,losmejores memes paramorir derisaxd memegeneratores,Inofensivo
DS_IMG_2262.jpg,nos dicho ha veterinario dejemos el le que que atencion solo quiere llamar la,Inofensivo
DS_IMG_2263.jpg,casual aqui my ers esperandoa que sea halloween,Inofensivo
DS_IMG_2264.jpg,asise muchas usando ven apps de maquillaie esas f eltio jocker,Inofensivo
DS_IMG_2268.jpg,jugadores de fri fayer cuando dan cuenta se de tercera guerra mundial la trata que no se de pedorra disparandole ir con una arma a todo lo que mueva se xx xapan,Inofensivo
DS_IMG_227.jpg,finalmente julio se con sol va,Inofensivo
DS_IMG_2270.jpg,iay mijal como ayudarte ni,Inofensivo
DS_IMG_2273.jpg,tw afabio fcb shakira ni bailaasi me,Inofensivo
DS_IMG_2275.jpg,salganse de mi mundial quiero estar solo,Inofensivo
DS_IMG_2276.jpg,venga pele ccomo iba saber que a eratu mujerp,Inofensivo
DS_IMG_2277.jpg,ratero ratero lign ratero ratero,Inofensivo
DS_IMG_2278.jpg,cuando estas apunto de decir gay eres que familia dice tu pero homofobico algo cao biselal im so whals h de xd narnia regreso a,Inofensivo
DS_IMG_228.jpg,usuarios witter de s facebook chumel topres f elsigloux conapred,Inofensivo
DS_IMG_2280.jpg,bendicion listo la dia para su primer de clases e babunny,Inofensivo
DS_IMG_2282.jpg,de favorz ipor dame la receta tlayudas las o,Inofensivo
DS_IMG_2283.jpg,regaloa costo cuanto le el obito de jounnin para kakaship ojo de la un cara msmesgsnratois,Inofensivo
DS_IMG_2288.jpg,estas listal iya paso ti 5 por en minutos,Inofensivo
DS_IMG_2289.jpg,tiranidos venezuela los van a venezolanos los pero comen se tiranidos los a joderoo si de gangsters eso es,discurso de odio
DS_IMG_229.jpg,buscando mujeres hombresi relacion una liceralnente docencia hun an no mucho pedin solo es quiero chico un que no machistas sea homofobico racista clasistan quiera que se deconstruin aprender y socialesy sobre temas que reconozca sus privilegios que se cuestione actue que proposito tenga que un weltrasteroi6 vida de que se salud preocupe por su mental con responsabilidad afectival gracioso le ahora guste mismo conformaria y que me yo con bailar alguien biologicamente femenino que sea lo baaor importanee a no can,Inofensivo
DS_IMG_2290.jpg,apellida flores huele se a y caca hipocresia en fing la,Inofensivo
DS_IMG_2291.jpg,felicitaciones por facebooke acomer llevenme,Inofensivo
DS_IMG_2292.jpg,literes ven julio de,Inofensivo
DS_IMG_2294.jpg,xse cuerdax rompe una tocando la escalando guitarrai una montanal,Inofensivo
DS_IMG_2296.jpg,horoscopo algo positivo llegara vida tu a este mes d covidag t,Inofensivo
DS_IMG_2299.jpg,entonces ahi empezaron droblemas los con sonrisa maldita esa sonrisa esa,Inofensivo
DS_IMG_23.jpg,puedes llamarme racistas que negra pero cpor es,Inofensivo
DS_IMG_2300.jpg,cuando empiezo diez minutos las tareas con mas tarde mi hijo,Inofensivo
DS_IMG_2301.jpg,friojera tengo ique esol es de frio la combinacion flojera y,Inofensivo
DS_IMG_2302.jpg,icomo dieta la va comi me la ove,Inofensivo
DS_IMG_2303.jpg,vas aleer articulo este sabes ylo memegenerton,Inofensivo
DS_IMG_2304.jpg,callado del salon cuando el se une a clase linea la en,Inofensivo
DS_IMG_2306.jpg,cuando empieza llover tienes te a y que uber quiere cobrar 2 transportar te pero millones de peso abueno chingo mi madre,discurso de odio
DS_IMG_2307.jpg,el demonio debajo de viendo mi cama lloro las 3 como a am bient tas,Inofensivo
DS_IMG_2308.jpg,descubres cuando la terapia en a ha saboteando estado te persona que todo este tiempo soy aah caray yoh d,Inofensivo
DS_IMG_231.jpg,viendo iphone yo grandes novedades del las nuevas 135 happleevent ajuicesintern t 006 272 mil rproducciones,Inofensivo
DS_IMG_2310.jpg,icuanto 69132 es 23 cy porque respondiste entonces que no se puedex elbrayan ahttpa,Inofensivo
DS_IMG_2311.jpg,de las fiestas te la seguro en pasas ligando n yot,Inofensivo
DS_IMG_2312.jpg,cuando gusta el que te solo ilusiona te estupido sentimientos is m idiota okchicas,Inofensivo
DS_IMG_2313.jpg,usar un solo meme viral porque es considerar si mi a conviene le marca usar memes imgfip com,Inofensivo
DS_IMG_2314.jpg,buenolosnominados son wd and,Inofensivo
DS_IMG_2317.jpg,yo 159 viendo las am ilou que son de cambia y las 03600 am pronto a,Inofensivo
DS_IMG_2318.jpg,al i menos mi cunada quiere me cunada mi,discurso de odio
DS_IMG_2319.jpg,nusmvemuselunes querida maestra,discurso de odio
DS_IMG_232.jpg,dicen groseria la en una telenovela hago yo linsultos que machistashomo fobicosy rasistas clasistas cuando juego mama cambialal muy grosera serie esa,Inofensivo
DS_IMG_2321.jpg,esta yo pienso que se haciendo la vistima,Inofensivo
DS_IMG_2322.jpg,hola entrevista laboral la vengo por itiene experiencial esi 20 esta con ya van como entrevistas,Inofensivo
DS_IMG_2324.jpg,que deberia darte el cpor  empleop trabajo porque tengo no s osea reatziona,Inofensivo
DS_IMG_2325.jpg,klo tengoh que prime n hbo video max disnep k lo que veo yzm,Inofensivo
DS_IMG_2326.jpg,como no ser ios mismos van a hmetgala,Inofensivo
DS_IMG_2329.jpg,hizoreir me su denle visa,Inofensivo
DS_IMG_233.jpg,machismo nacionalismo racismo clasismo homofobia xenofobia mexicanos cuando juega la seleccion ifunnyce,Inofensivo
DS_IMG_2331.jpg,mi ya quita novio tu cara no voy salir mis amigos con a me voy a quedar contigo yo g  te,Inofensivo
DS_IMG_2332.jpg,cuando invento excusas salir is igos ami para no m y dan soluciones me,Inofensivo
DS_IMG_2333.jpg,mas siganme recetas para,Inofensivo
DS_IMG_2336.jpg,has cumpahlidu memes ilegales vlo sabes,discurso de odio
DS_IMG_2338.jpg,que pase eldesgraciadol,Inofensivo
DS_IMG_2339.jpg,grande brady atleta mas itom el es de todos tiemposh los oh favor por teniendo terry fox pierna una artificial corrio maratones enteras dias dias todos durante los 143 hasta fallecio desde entonces que recaudo de millones miles la para lucha el cancer lo hizo no contra por mismo la gloria no existe si ni por un atleta mas grande el punto que fux terry araton boredpanda com,Inofensivo
DS_IMG_234.jpg,diosito dame la oportunidad y demostrarte de que el dinero no me vaa cambiar okchicas,Inofensivo
DS_IMG_2340.jpg,i le c ce julio nosva se,Inofensivo
DS_IMG_2341.jpg,when apareces para todo el mundo asustar a todos ienzan but com hacer de ti memes edd aproduccion produccion i,Inofensivo
DS_IMG_2343.jpg,soy feo yquer,Inofensivo
DS_IMG_2344.jpg,pcr sila de la nariz da positivo me yla del culo negativo una esoy pilae o axin,Inofensivo
DS_IMG_2345.jpg,mi celular viendo todas como pospongo mis alarmas levanto no me y sim naqui com wey ya,Inofensivo
DS_IMG_2346.jpg,yo iba cruzando calle cuando de la asi de nadasn loca la repente esta aparece,Inofensivo
DS_IMG_2347.jpg,la hora pero dijiste que de volver veias no al monte,Inofensivo
DS_IMG_2348.jpg,wd sorprendeme 20200 no tedoy nomaso otra xo me voy a comprar unbarbio,Inofensivo
DS_IMG_2349.jpg,julio quiereit se no,Inofensivo
DS_IMG_235.jpg,d las las manos no asi tengo horribles prietas s nacas,Inofensivo
DS_IMG_2351.jpg,cuando viendo ell estas video de dross sobre momo ssassn y dlega te mensaje un con japones numero esto reall hijo es 9,Inofensivo
DS_IMG_2352.jpg,el demonio de mi al cuarto ver que 1444 youtube busque en bient tas,Inofensivo
DS_IMG_2354.jpg,anos estudiante de magisterio 10 de docencia con virtuales clases anos docencia 20 de,Inofensivo
DS_IMG_2356.jpg,yo aguantandome la tos den igue para piensen tengo que no que virus corona el,Inofensivo
DS_IMG_2357.jpg,sufragar necesito,Inofensivo
DS_IMG_236.jpg,itambien representamos a verduleras las aunoue les duelai orea noreda oent mofend diputadas morena de clasistas callan panistas a,Inofensivo
DS_IMG_2360.jpg,quees que sabe elyqueno dicen egoisia solo jugar para juega en equipo  temporada desde la 121135 nadie del madrid hace mas asistencias el liga que en f1j,Inofensivo
DS_IMG_2361.jpg,tenia que ise decir se y los mejores dijoi memes de 2019 efupl f ra ms e l l oms,Inofensivo
DS_IMG_2362.jpg,virgencita por favor que acaben con el recalentadinll generadormemescom,Inofensivo
DS_IMG_2363.jpg,me dijiste que de pero ganabas 10 bolivares mensuales millones,Inofensivo
DS_IMG_2364.jpg,para los la pensaron que que ingenieria servia nada no para,Inofensivo
DS_IMG_2367.jpg,elecciones se las acercan ys olorsito ique a puestoll picherecien,Inofensivo
DS_IMG_2368.jpg,liegajulio estabas esperando este meme,Inofensivo
DS_IMG_2369.jpg,tu carnet cuando perdes mama salis con tu y el de,Inofensivo
DS_IMG_2370.jpg,desgastante irle al es azuld cruz anos ivan 22 no tv chemin sports ibra,Inofensivo
DS_IMG_2371.jpg,abriendo yo mi primera cerveza despues de de 4 meses cuarentena,Inofensivo
DS_IMG_2372.jpg,ss resplandor hace ipumi y un y ya esta aquifla paz,Inofensivo
DS_IMG_2373.jpg,galleta escuintla oreo en,Inofensivo
DS_IMG_2374.jpg,yo diciendole mama 10 de mi las la a a noche cartulina necesito que una para manana mi mama  g,Inofensivo
DS_IMG_2376.jpg,cuando dlevas anos con marido tu te pregunta y al verlo sientes que banar,Inofensivo
DS_IMG_2377.jpg,1944 parejas en parejas 2020 en el 2do voy paruicipar dla te a en mas amo uwa uwu la historia lal importante de vez no y igual vuelva al te pero amo que amo peleare el futuro la  a paz por por y,Inofensivo
DS_IMG_2379.jpg,nosotros queremosla paz la to lohenos dicho misiles de veces,Inofensivo
DS_IMG_238.jpg,por matarias tu novia a una yamaha rim despues de yo meterle 37 balazos olocosporlasmots,Inofensivo
DS_IMG_2380.jpg,movil usar el para cosas productivas e s usar el movil para hacer memes,Inofensivo
DS_IMG_2382.jpg,dentro fuera i por yo por yo 005 oaa ime escuchan oyenz me thalia estoy feliz feliz feliz 9,Inofensivo
DS_IMG_2383.jpg,yo threads encontrando de ignorar mis una nueva manera en obligaciones,Inofensivo
DS_IMG_2384.jpg,tu internet foto tu,Inofensivo
DS_IMG_2385.jpg,144 asil el ituy yo piensalo mi lovel virales memes,Inofensivo
DS_IMG_2386.jpg,miembro mi de illegando causa mesa las 6 votar a pam a ole cd alista ell anfora papiy que la democracia por vengo,Inofensivo
DS_IMG_2388.jpg,cara cuando tu te toca sonreirlealanetecamal,Inofensivo
DS_IMG_2389.jpg,un lugar con edificios enormes y pacificamente con gente paseando judios los superkaizols,discurso de odio
DS_IMG_239.jpg,libertad a cquieres darle una mujere cordon alarga de la plancha pues el d,Inofensivo
DS_IMG_2390.jpg,seltu 2 la novia de mi hermano eres e si por d pues novia trajo la otra ayer a su a casa,Inofensivo
DS_IMG_2392.jpg,donde se dice estas no ontas se dice,Inofensivo
DS_IMG_2393.jpg,pensaba como que el apocalipsis seria como es sn se ae t,Inofensivo
DS_IMG_2397.jpg,chugocemi mas manoseo pri pero e sl,Inofensivo
DS_IMG_2398.jpg,les caigo el sabado,Inofensivo
DS_IMG_2401.jpg,cuandonote dejan comida casa entu,Inofensivo
DS_IMG_2403.jpg,quita pinche esa cara o no vas a lado ningun,Inofensivo
DS_IMG_2404.jpg,dijiste si bueno ime eras pero que para bueno la cocinal en comer,Inofensivo
DS_IMG_2405.jpg,sin quede mota me,Inofensivo
DS_IMG_2406.jpg,que al me empuje le parto la cara d pero sir newton no podemos poner eso ood esta bien accion a toda entonces corresponde ponle reaccion una igual mag de pero nitud en sentido contrario,Inofensivo
DS_IMG_2409.jpg,impresionante anuncio de anonymous vcases so cinoesasi carrera guty fue infiel nunca,Inofensivo
DS_IMG_241.jpg,uso ya el femenino inclusivo ean cique mas quereisque hagalp memegeneraton es,Inofensivo
DS_IMG_2410.jpg,yo cuando mundo arder flvana ell veo,Inofensivo
DS_IMG_2411.jpg,pago lo que prime hbo st rt video son max netflix prime vis disneyt hbo max start lo que veoi elacino service genen e no,Inofensivo
DS_IMG_2412.jpg,primer dia de clases presenciales l 3 semanas despues nil hal,Inofensivo
DS_IMG_2413.jpg,sale ala calle el viernes 13 jason lo malta,Inofensivo
DS_IMG_2415.jpg,la durante cuarentenal demas yo los,Inofensivo
DS_IMG_2416.jpg,equis ay,Inofensivo
DS_IMG_2417.jpg,quien paga las i facturas julios de,Inofensivo
DS_IMG_2418.jpg,gifesita cuando al tu con vas super yempiezas oler los detergentes d  wele ste mmmhl mejoorrlliav amall me mes de bts wited,Inofensivo
DS_IMG_2419.jpg,yo digo al trabajo presentarse que con esta bien trabajar ponerse a ya es avaricia,Inofensivo
DS_IMG_242.jpg,esta aqui el problema gente machista que y entiende no realmente el 8m memes memege glosng aar,Inofensivo
DS_IMG_2420.jpg,sergio kun aguero aaguerosergiokun cuando chica miran tu a e qatar sa airways c visa cla hfifaworldcup ififawordc onoe,Inofensivo
DS_IMG_2421.jpg,jjulio viene muy pesadoi,Inofensivo
DS_IMG_2423.jpg,saludar a pocoyo te veces como vidar alegra la,Inofensivo
DS_IMG_2425.jpg,sea cual resultado mananas el sea heleccioneszo21 asi hablan los perdedoress,Inofensivo
DS_IMG_2426.jpg,quieren asustar esta me con cuando todo esto pase por iee no no kes,Inofensivo
DS_IMG_2427.jpg,onda de lo con que se costillas las no de que habla la chaviza aelperritu,Inofensivo
DS_IMG_2429.jpg,ciello resplandece el mi alrededor a de hiroshima opening dragon ball z 1945 en,Inofensivo
DS_IMG_2430.jpg,mi cuando mi cara veo cara,Inofensivo
DS_IMG_2431.jpg,infantil cuando fiesta estas en una y quieren dar bolsita de te dulces no xddded odlo aki,Inofensivo
DS_IMG_2435.jpg,se transforma vampiro en no lo dejan salir noche de bron coea con,discurso de odio
DS_IMG_2436.jpg,doctorsaurio empresaurio bomberosaurio jet d,Inofensivo
DS_IMG_2437.jpg,isabel por la reina,Inofensivo
DS_IMG_2439.jpg,dedo mi higenic barat,Inofensivo
DS_IMG_2440.jpg,mamai debes salir aprovechar mi tu y nada mas el celular juventud la te pasas en dejas salirz ientonces yos me mama mi pues ciela no mi,Inofensivo
DS_IMG_2441.jpg,bien t fin por ooo viernes es teus y,Inofensivo
DS_IMG_2442.jpg,dahianagatizke adahianagatzke kse sienta mirar tele mamat a con su yo asy aburrimiento si das permiso salir que y me para que o b s ,Inofensivo
DS_IMG_2444.jpg,indio oia caguamita carta oster blanc geavrie mirenlos pisteando de todo animal como un ultra ultra no ultras senorito ell como,Inofensivo
DS_IMG_2445.jpg,cuando de los veo que escuelas rien de otras se la unam sosten chinches mis 30 aciertos por lo menos no saque yo 6,Inofensivo
DS_IMG_2446.jpg,ni siquiera tiene logica decir deluxe todo a debe logica debe no tener s dificil de entender ser para heterosexuales il los,Inofensivo
DS_IMG_2448.jpg,no estamal,Inofensivo
DS_IMG_245.jpg,mujer a si tu te gusta hacer esto quejes no si dios te castiga con esto te,discurso de odio
DS_IMG_2451.jpg,bueno lo intentamos,Inofensivo
DS_IMG_2453.jpg,damaring ca nfe ele ga temblare ahora creo xd que,Inofensivo
DS_IMG_2454.jpg,declarola temporadade temblores imaugurada ons s,Inofensivo
DS_IMG_2455.jpg,arrastrada chef dio que la le la a pedro despues de que cuchillo metiera el la olla en,Inofensivo
DS_IMG_2456.jpg,de feliz lunes clases regreso a,Inofensivo
DS_IMG_2457.jpg,hija de mi acaba pues comprar una fue construida finales del a casa que siglo xix ella lo encontramos estoy sacado dela tiros lo he basura pero yo comience el que juego,Inofensivo
DS_IMG_246.jpg,elesbianex ilso heteros porme es probado has no ilso porqme es buen rabol has probado un no rabol buen un feminista ilustrada,discurso de odio
DS_IMG_2461.jpg,lugares donde los simulacros hacen realidad se,Inofensivo
DS_IMG_2464.jpg,mameeeeesi definitivamente mexico esta viendo bien iino se muy en internacionales cuanto eventos a primero anuncio despues reyyahora swift madonna lana del taylor vienen mexico a yo en corto,Inofensivo
DS_IMG_2465.jpg,vesa mexico empatando con brasil cuando he ne s fan t0 peroluego das cuenta te the cooteal jamaica rederano es brasil es que no jamaica,Inofensivo
DS_IMG_2466.jpg,fisicamente estoy en abril ell de pero mes mentalmente estoy en de los puentes mayo yo mayo rsecling,Inofensivo
DS_IMG_2467.jpg,septiembre este 15 de truenes cuetes no tu mejor truena con relacion toxica s mejori mexico un ipor,Inofensivo
DS_IMG_2469.jpg,el bonita odio las muy pero eres a que ingenuas memes ven son muy y pendejas yon yeste personaje so memes gg,Inofensivo
DS_IMG_2473.jpg,cuando precio los boletos luis miguel cdmx el de veo para en incluyendo los mas baratos ite ricosi parece que somos,Inofensivo
DS_IMG_2474.jpg,ten un bolillo para el susto,Inofensivo
DS_IMG_2476.jpg,mexicot hay simulacro hacer que un tambien mexicot s necesito temblar,Inofensivo
DS_IMG_2477.jpg,trabajar dejen al amboyimmy,Inofensivo
DS_IMG_2478.jpg,dieron ahk canijo la escuela le en libros equivocados al profe los,Inofensivo
DS_IMG_2479.jpg,hospitalest cobran dar los por oxygenot arbolest los m s estan ustedes pagandox a les,Inofensivo
DS_IMG_248.jpg,cuando te dicen que free fire es una mierda jalate perro zlv,Inofensivo
DS_IMG_2480.jpg,cuando ya estas listo para dar el grito con tu bolillo por cualquier cosam favor que por no reto emale en su centros la tierra biva mejico,Inofensivo
DS_IMG_2481.jpg,cce to auln o aberes o escolares cio aprendiendo leyendous sporque nada si estoy estoy no chairo el paco mars te,Inofensivo
DS_IMG_2482.jpg,feliz del via padre,Inofensivo
DS_IMG_2483.jpg,yo marcandole dios a para vuelva asegurarme no que me a imis lista la mejores poner en 2023 guerreros,Inofensivo
DS_IMG_2484.jpg,anotare muyinteresante lo en maquinadeescribir invisible g menmegeneratones,Inofensivo
DS_IMG_2485.jpg,sismo septiembre saben gente ya se la mi sb cae,Inofensivo
DS_IMG_2486.jpg,al miniso fue le dio coronavirus y,Inofensivo
DS_IMG_2487.jpg,companeros mis el jale 40 grados a en yyo,Inofensivo
DS_IMG_2488.jpg,pintamos rapido viva estamos ocupados esto decir muy pero para mexico saquen el pozolel,Inofensivo
DS_IMG_2489.jpg,esperoque esteano meregales algo bueno planchas trastes nomas o,Inofensivo
DS_IMG_249.jpg,ipor cuando que es que arqueologos encuentran restos humanos hombre mujer son o ninguno de los otros y generosy 7o0t,Inofensivo
DS_IMG_2491.jpg,icomo seguidos de festival despues vender rinon dias de medio aguantar tres para pagarloy respuestas yahool hcoronacapitalz0zz cbelorosiing obetopost ng traiganme suero un,Inofensivo
DS_IMG_2492.jpg,es como seria asi la vida sin los contadores memes generador com,Inofensivo
DS_IMG_2493.jpg,mi boletos de luis miguel turno para 383750000 91998 serving now,Inofensivo
DS_IMG_2494.jpg,ieria civil ingen albanil titulo ah un con,Inofensivo
DS_IMG_2495.jpg,ya chingo madre prian heleccioneszozsmm el recuerden el voto a su jeje secreto es 1926 2023 cs o prn,Inofensivo
DS_IMG_2497.jpg,simulacros avisaron hay todo bn yos es p2 no tambien cuando pinche alerta sismical la suena yo translate tweet,Inofensivo
DS_IMG_25.jpg,vinicius cuando recibe comentarios racistas 11 no hav racismo el lugar para en lfutbol baila vini baila ell cuando elecciones brasil las se acercan en lau vivo dia el 22 todos votar bolsonaro uv a a,Inofensivo
DS_IMG_2500.jpg,usp 310 mexico final mexico estados unidos juanfutbe el gigante usp o o de concacae mi cambios extranos hay en,Inofensivo
DS_IMG_2501.jpg,hterremoto simulacro 19 de septiembre s empieces sin no mil sismo verdad de tu sin ni mil,Inofensivo
DS_IMG_2502.jpg,ejercicios ano para fin de repita loy,Inofensivo
DS_IMG_2503.jpg,septiembre 19 de mexico el centro de en apiade que dids se nosotrosh de,Inofensivo
DS_IMG_2504.jpg,e 5 11 ver hagan gox bultos a tc,Inofensivo
DS_IMG_2505.jpg,julio el uno de uno,Inofensivo
DS_IMG_2506.jpg,s somos que parece ite ricosb,Inofensivo
DS_IMG_2507.jpg,grito de 2019 independencia,Inofensivo
DS_IMG_2508.jpg,que favor por sus en retemble no tierra centros la aparte bolillo para el mes del ammal r,Inofensivo
DS_IMG_2509.jpg,cinco mayo de mayonesa pero de jajaja marginales malditos,Inofensivo
DS_IMG_251.jpg,apesta bro odio videos los que sexuales por compartes grupo el,Inofensivo
DS_IMG_2510.jpg,sabes comida si la buena que va a ser muy abuelita tu de estos usa,Inofensivo
DS_IMG_2514.jpg,mmmm yahueleapozole s s s iliva mexicoi,Inofensivo
DS_IMG_2515.jpg,cuando vives mexicoy manana 19 de septiembre en es que favor por sus en retiemble no tierra la centros,Inofensivo
DS_IMG_2519.jpg,toe noneee coe memes de eaucacion ambiental cotos popotes sin s vida me esta no cae que y infiernoo ch cabron deras el inga es,discurso de odio
DS_IMG_252.jpg,muerte al patriarcado asesino elhombre violento nacimiento es de dia cada la misma mierda nosalena pero buscar alimentos uy,discurso de odio
DS_IMG_2521.jpg,stengo anos 22 yel de nina una cuerpo cnos de anosi solo los imagen 8 una no es pervertidos borrosa ni quieren tampoco es mohon conmigo es salir gatos un,Inofensivo
DS_IMG_2522.jpg,como esta gy el calor mexicor en,Inofensivo
DS_IMG_2523.jpg,antes de votar paisquele piensala clase de,Inofensivo
DS_IMG_2524.jpg,fans swift despues precios de taylor de los de las entradas lxs ver 5,Inofensivo
DS_IMG_2525.jpg,los jugadores de mexico yhait viendo los de antuna centros,Inofensivo
DS_IMG_2526.jpg,tranquilos concacaf somos lasele encargo vo me,Inofensivo
DS_IMG_2528.jpg,cdmx 18 septiembrey la vive viendo lunes de gente la que en que ya es senales fsismo todavia hay de no achocomilkdecoco,Inofensivo
DS_IMG_253.jpg,si sabes quien nok soy mi puta ev,Inofensivo
DS_IMG_2530.jpg,odio ser pobre lo odiol,discurso de odio
DS_IMG_2531.jpg,dia hoy es delingeniero el muchacho,discurso de odio
DS_IMG_2532.jpg,hay shhaysl diadelestudiante e como sillevara buenas calificaciones ous,Inofensivo
DS_IMG_2533.jpg,hayan director espero descansado vacaciones en docentesi soy docente necesito vacaciones para descansar de las vacaciones,Inofensivo
DS_IMG_2534.jpg,pa tarde de luego es una vez voy ilenando solicitud jalar la para con el musk inge teslo,Inofensivo
DS_IMG_2536.jpg,yo 2021,Inofensivo
DS_IMG_2538.jpg,concacal lia de naciones mexico panama parnco porel terccr lg aficion mexicana d,Inofensivo
DS_IMG_254.jpg,iforocochesi esta se una feminazi poniendo agresiva conmigo memegeneraton es,discurso de odio
DS_IMG_2540.jpg,19 septiembre fsismo tendenciae todavia de no yya es es notienen el presentimiento de salir malz algo que va,Inofensivo
DS_IMG_2541.jpg,hcambiodehora hhora fmexico freloj nypo hora hora atrasada adelantada,Inofensivo
DS_IMG_2543.jpg,cuando mexico lleguemos a diremos nada no onediegun habra senales pero,Inofensivo
DS_IMG_2544.jpg,eres debiln jpe astraea conelwynne jpg te falta odio astracajpg comehwynneipg,Inofensivo
DS_IMG_2545.jpg,hombres captando indirecta una hombres pensando lo necesita mexico que octavos para pasar a aabla saudrd polons menco agentas,Inofensivo
DS_IMG_2546.jpg,miguel viene iluis al puertol,Inofensivo
DS_IMG_2547.jpg,heleccioneszozsmm prep tu morena cuando entera votar que perro se vas a por,discurso de odio
DS_IMG_2548.jpg,mijito tu estudiaste que sabes de finanzas yle lias eso a diferencia la la diferencia norteno banda 24 financiame de cervelas un,Inofensivo
DS_IMG_2549.jpg,fepafut san marino team gracias solo flaco por soy seleccion hacerme una bien juega que feliz tan al futbol,Inofensivo
DS_IMG_255.jpg,cque sin ti nadap nosoy amor patriarcal medejas pasmada memegeneraton es,Inofensivo
DS_IMG_2551.jpg,les caigo el esta arrancar julio por sabado,Inofensivo
DS_IMG_2552.jpg,pais donde capacitan te simulacro macro con un cs terminando evaluan te y sismo con un real,Inofensivo
DS_IMG_2554.jpg,estoy temblando illorandos lo puedo y no mames no creer mexico solo taylor swift en con venta a residenites del paist 10 opsd to,Inofensivo
DS_IMG_2555.jpg,obligan cuando a me convivir gente normal con gaok gu ut paps kio todos odio a a los,Inofensivo
DS_IMG_2556.jpg,tlaloc emperrado tirando rayos y lluvia torrencial azteca el una en horrible mexico lo juega por que we ms sasssihot,Inofensivo
DS_IMG_2557.jpg,cuando pandemia hbluemonday en es sin s,Inofensivo
DS_IMG_256.jpg,1a humor el negros machista los memes y cs idmah wtan pae ma ae,discurso de odio
DS_IMG_2560.jpg,felizdia estudiante del,Inofensivo
DS_IMG_2561.jpg,dejalo leocan bullying futboler oeicial esta muerto ya,discurso de odio
DS_IMG_2562.jpg,trae alcohol solo senorz no agua seguridad,Inofensivo
DS_IMG_2565.jpg,ona ona dt argentino tu to hay reta seleccion mexicana atet ca o atet ca n doi argentind,Inofensivo
DS_IMG_2566.jpg,yaunque me multen ssoos us eeeeeh onasn  s,Inofensivo
DS_IMG_2569.jpg,morrillos despues de leer los libros de la sep los nuevos s,Inofensivo
DS_IMG_2571.jpg,mejores del alien mexicano de jaime los maussan memes,discurso de odio
DS_IMG_2572.jpg,se t el mexicano vato que metio tequila qatar a,Inofensivo
DS_IMG_2573.jpg,yo soy el horario verdadero cnecritotuitero ugme nob yo soy el verdadero horario,Inofensivo
DS_IMG_2576.jpg,icruz azul nol quer iyo ichivas es la costumbre nof giwneu mexico,Inofensivo
DS_IMG_2577.jpg,custh agr banaan t swift canciones de celebrar taylor para primera copa oro ganaste tu que,Inofensivo
DS_IMG_2578.jpg,yor kestoy casax dia fuera de un mi madrer raulmartinsanchez cuantocabron com ayer consola tas primos tu usaron,Inofensivo
DS_IMG_2579.jpg,tengo combinacion friojera la frio de flojera y,Inofensivo
DS_IMG_2580.jpg,gracias todo te veo por en diciembre yos despidiendome de mi cobija,discurso de odio
DS_IMG_2582.jpg,t soe vibracion modo avion sl,Inofensivo
DS_IMG_2583.jpg,nada primero que ifeliz dia del maestroh oc 519 anlmaestros 850t5 sa imi gente madrugadoral estros,Inofensivo
DS_IMG_2585.jpg,1 mexico argentina mx iga,Inofensivo
DS_IMG_2586.jpg,ise adelanta el reloja atrasa o se ique hora esx ique dia hoy es iquien iquienes ustedesy yo2 soy son,Inofensivo
DS_IMG_2587.jpg,tambien cambiaron hora su celulares la al horario de esta vigente verano que ya no en mexico vera ver a no cque pasop alt,Inofensivo
DS_IMG_2588.jpg,arreglo la fiesta como mi novia mexicana id se para como illegar a voy 18 etss,Inofensivo
DS_IMG_2589.jpg,profe puedo banos al ir cuando companero tu regrese se pasa violar 0 fuera muerase o me que ol pendej o odio la escuela abogado tio i m es putos todos,Inofensivo
DS_IMG_2590.jpg,senor nuncate he pedido nada peron luism el idolo ayudame conseguir mi a boleto miguel de luis,Inofensivo
DS_IMG_2591.jpg,recalentado a huele ya,Inofensivo
DS_IMG_2593.jpg,nadier de cinepolis todos lo quedaron los que se con barbier de vasos ar b b b b cin son b b b b b b b b oedieuo b,Inofensivo
DS_IMG_2595.jpg,deciaran culpable genaro garcia luna a de mexico los escritores narcos en corto,Inofensivo
DS_IMG_2596.jpg,t jamas casaria iyo monstruob me con un,Inofensivo
DS_IMG_2597.jpg,oigan que manana los cy va a pasar con electronicoss estan configurados aparatos que adelantarse hora el horario de una para por mexico exister si veranos en ya no,Inofensivo
DS_IMG_2598.jpg,estos twitter mexico dias hermoso el es por vs argentina todos insultan buenos buenos se memes illoross recuerda la dorada de twitter donde me epoca a ofendia todos mentaban la madre ynadie estoy se se illorando de felicidads traducir ruit,Inofensivo
DS_IMG_2599.jpg,chino huerta en chivas pumas seleccion l y,Inofensivo
DS_IMG_2601.jpg,deforma el marcianos llegaron los ya gringo que agente afirma recuperado eua ha aliens,discurso de odio
DS_IMG_2602.jpg,las placas tectonicas empezando septiembre hsismo apple arriba arriba sorglo modina,Inofensivo
DS_IMG_2604.jpg,abuela garcia or onthurets la ah hacienco ila conciero ce luis miguel para el,Inofensivo
DS_IMG_2605.jpg,esta when llegas casillayno el la pri a comprando ultimo tu voto momento a line electoral nacional institulo buuud no s,Inofensivo
DS_IMG_2606.jpg,luis miguel pedimosifel llegar si llegar el que que nos va a es que,Inofensivo
DS_IMG_261.jpg,dice hicieron estrago los tragos que en su cabeza entonces no ya es sexo consensuado,Inofensivo
DS_IMG_2610.jpg,musk fabrica de llega elon la tesla a nuevo leon en todos empleados los e tigre inget irayadoo od,Inofensivo
DS_IMG_2612.jpg,ese wey tie trins fre atet creia que ganar la14 iban a,Inofensivo
DS_IMG_2616.jpg,tu mijo que eres contador unos chistes cuentanos para desaburrirnos,Inofensivo
DS_IMG_2617.jpg,juanfutba liguilla ahl pero en tano regular el ame del en fase,Inofensivo
DS_IMG_2618.jpg,facilmente nicola vida puede otra en su ser un meme tacasanelosmososl,Inofensivo
DS_IMG_2619.jpg,a solo falta pieza una veces feliz para ser salir de mejiko osahrpmo,Inofensivo
DS_IMG_262.jpg,del estrategias neomachismo vender eildeas los para de tetas de videoclips culos y fueran siempre como ya no si ellas que tasx machis han lo elegido ahora que ser vecimos mmjerobjeto ue feminista empoderan es s feminista ilustrada,discurso de odio
DS_IMG_2621.jpg,feliz maestroi dia felicidades a losque tambien son madre padre atp director supervisor a la ves,Inofensivo
DS_IMG_2622.jpg,de fingiendo felicidad los team calor,Inofensivo
DS_IMG_2624.jpg,lorar illorar y isebien yo que estoy afuera,Inofensivo
DS_IMG_2625.jpg,laprimeraquincenade julio,Inofensivo
DS_IMG_2626.jpg,odio al colegios es mucho ir estres li mi y yo clases amix durante las,Inofensivo
DS_IMG_2627.jpg,mexico ahora mismo hgdeseptiembre tsismo hterremoto todo red aquil oh denuevo oh viene aqui,Inofensivo
DS_IMG_2628.jpg,de sueno nos quitaba hora una tardabamos acoplarnos en mas dia hacia rendir el e ahorrabamos luz en y asi el horario mejor aun que es podiamos tener hadiosahoriodeveran,Inofensivo
DS_IMG_263.jpg,amor puro llevarse puede y verdadero toda eternidad como por la muestra adorable smithers nos el asleo lsee fernet branca cambiarlo por esta o0 puede caja de branca de litro,Inofensivo
DS_IMG_2630.jpg,asi yordi fui primera conducir hmasterchefcelerity la opcion para es yo do,Inofensivo
DS_IMG_2631.jpg,pero no te odio ojala tengas ganas estornudar de cabras espartanas con un polvoron enla boca,discurso de odio
DS_IMG_2633.jpg,siento tamaliza la fuerza de la dad,Inofensivo
DS_IMG_2634.jpg,ss ysiarmamosiun mexicovs brazil todos ypumi se olvidan delaselecciones papilord,Inofensivo
DS_IMG_2635.jpg,perfil en este odiamos i israe a,Inofensivo
DS_IMG_2636.jpg,mii nolloren por pizza j estoy yal muerto jf,Inofensivo
DS_IMG_2637.jpg,feliz dia todos los padres a,Inofensivo
DS_IMG_2638.jpg,vendra mexico miley cyrus a hcoronacapitalzozz vayanse alv rgritos locax de pera,Inofensivo
DS_IMG_2639.jpg,estas cuando tienda en una mama de tu ropa con y ya ahi 5 horas levan odio aquh,Inofensivo
DS_IMG_264.jpg,argentina alemania iban liderar los crelan que que a y 5 hoatarzozz ylo apostaron sus grupos en muchisimo equipos a esos quer ahora cy 7027 twitter androd er 35 lor p m nos,Inofensivo
DS_IMG_2640.jpg,erecuerdas nivel ese 3 mario donde super en intentaba ell sol matarter,Inofensivo
DS_IMG_2641.jpg,la seleccion mexicana viendo toco los equipos le que grupo ce el en argentina mexico polonia sorteoqatarz022 bueno me xico lo intentamos,Inofensivo
DS_IMG_2642.jpg,2006 alemania aa 21 mexico sudafrica 2010 31 aia mexico mexico suceder otra a v,Inofensivo
DS_IMG_2643.jpg,spidin eoluce eltrece ala tengofe mio dios ayudano,Inofensivo
DS_IMG_2647.jpg,cae el primer gol de argentina mexicoi translate tweet soeshsogin va esto se poner feo a duo intentamos buenos lo,Inofensivo
DS_IMG_2649.jpg,odio lune lo,Inofensivo
DS_IMG_265.jpg,abran paso al machista asrmillonfrceman mujeres que los platos limpian solos no se,discurso de odio
DS_IMG_2652.jpg,haz algo vamos d mexico,Inofensivo
DS_IMG_2653.jpg,raul jimenez llegando qatar fchtmlata a,Inofensivo
DS_IMG_2655.jpg,o do tal hubieramos pasado si vez,Inofensivo
DS_IMG_2656.jpg,que elegante ipor homerol tan ei real madrid el final de gano la supercopa muchacho,Inofensivo
DS_IMG_2658.jpg,go de lugares han mejores me s sacado canhijoscam 2540 redgo,Inofensivo
DS_IMG_2659.jpg,estan mi mama idonde todos de manteles los esta casar mi hermano viendo mundialk el yyo,discurso de odio
DS_IMG_266.jpg,2 minutos despues no isi eres feminismo jiel feminista no eslo contrario al eres machismoi machistal feminsoestotradicion,discurso de odio
DS_IMG_2661.jpg,bebeshita presentacion jaja la en su hmasterchefunion,Inofensivo
DS_IMG_2662.jpg,hmexicovsaudiarabia seleccion partidos la mexicana este en 259 30 2022 nov pe m,Inofensivo
DS_IMG_2663.jpg,d mexico queda eliminado del mundial hqatar2o22 acabo se todo todo todillo,Inofensivo
DS_IMG_2664.jpg,so hombres captando indirectas hombres calculando posibles los del grupos mundial,Inofensivo
DS_IMG_2665.jpg,wu memesi s los partido de oscars mexico,Inofensivo
DS_IMG_2666.jpg,google los memes son dominio publico los de memes son los diabolicos memes son estupidos los memes son malos los memes son presionar enter buscar para cuantocabront com der alysson paracuanto cabron infinito desprecio,discurso de odio
DS_IMG_2667.jpg,asi ps dejo la seleccion,Inofensivo
DS_IMG_2668.jpg,icarayl vayadia 10 za zz 24 1,Inofensivo
DS_IMG_267.jpg,14 de febrero 14 de noviembre,Inofensivo
DS_IMG_2670.jpg,mexico honduras 1 o vs translate tweet mxicooo viva gif,Inofensivo
DS_IMG_2671.jpg,mexicol asi aun cuando ganas y quedas eliminado,Inofensivo
DS_IMG_2673.jpg,grupo c polonia argentina arabia mexico saudita oyediegoio,Inofensivo
DS_IMG_2675.jpg,ss nvy 11 el si no contra pudleron amistoso en un fan 10 ss o aa imaginenselo pasara cuando que se enfrentenaellos enel mundial,Inofensivo
DS_IMG_2676.jpg,dejes gato no te meter por liebre en la primera cita llevalas nadar a,discurso de odio
DS_IMG_2678.jpg,ultima la pena seguir alaultimapena de cuando seis la da las manana te son yya todo igual mediaspue ste,Inofensivo
DS_IMG_2679.jpg,ei aposto fe le vato que con a mexico lamarino ca nte gle ga perdi dinero mi,Inofensivo
DS_IMG_268.jpg,adiosy presiosa halago piropo acoso mondiad violacion telepatica inicidio fem de cuestion perspectiva,discurso de odio
DS_IMG_2680.jpg,en nuevo nuevo leon el cubetas no si las primeros se poner banarme el hilo de intentar agua con de la regadera la cae que o poner lavadora 2 cargas aunque sea unas o caldoy ell dejar juntar para sopa y plantas algo para regar foho cielos 4400 amb alerta ne hora juntar de agua,Inofensivo
DS_IMG_2681.jpg,recibir mentadasy abucheados ser en el estadio azteca ordaz diaz firme grupo,Inofensivo
DS_IMG_2683.jpg,alineacion ise filtrala mexico vs poloniah del padre estas nuestro que en santificai cielo el trkmedo tans tu nombre sea,Inofensivo
DS_IMG_2684.jpg,del partido resumen mexico vs argentinai,Inofensivo
DS_IMG_2685.jpg,el salvador siempre ed salvador siempre antes de comience que ell juego despues de jugar mexico vs mexico contra con oeca liga c fae,Inofensivo
DS_IMG_2686.jpg,de mexico ion la selecci este en momentor bueno xico intentamos lo,Inofensivo
DS_IMG_269.jpg,compartiendo yo memes machistas mientras lavo ropa esposa la de mi victoga,Inofensivo
DS_IMG_2690.jpg,todos viendo quedo mexico el el grupo en que mundial hqatar2o22 el para,Inofensivo
DS_IMG_2691.jpg,t yo 2 tengo atu copas que tienesi om una estable moneda,Inofensivo
DS_IMG_2696.jpg,amexicole falta meter golpara un pasar corton yo en hola dios de yo nuevo soy,Inofensivo
DS_IMG_2697.jpg,messi fallo el canelo cuando el entere penal se que mexico quedara del mundial fuera para que ha gns,Inofensivo
DS_IMG_2699.jpg,inol s cadala c seportivo segundos 5 puedes ino pasar solob humillarte sin x,Inofensivo
DS_IMG_27.jpg,racismd osdpinor s ingles habbr d 0 frances una ones quo lenqua indigena s,Inofensivo
DS_IMG_270.jpg,cuando chica embaraza de tu se otro quiere hagas te tu que cargo y cs saquese de aquib pero recuerda casados te estan la ley que por quedandose dejarte yte la calle amenaza con en 9000 sueldo ell de tu pertenencias con y noesmasque basura marina,discurso de odio
DS_IMG_2701.jpg,isera boleto toca pronto que me de bad bunnyy la fila de ticketmaster 138375000 998 s,Inofensivo
DS_IMG_2706.jpg,partidos mexico despues de perder todos los de grupo ojala linvitar vuelvan me a,Inofensivo
DS_IMG_2707.jpg,haciendo cuentas yo perdi la apuesta porque susscls,Inofensivo
DS_IMG_2708.jpg,no merico desde etchavo veia un lan riste aquea en la se vez que abandono vecindad jo acusaban de atero a porque,Inofensivo
DS_IMG_2709.jpg,mexico todo bad el bunny l,discurso de odio
DS_IMG_271.jpg,cuandole dijo psss psss cdonde munequita vas tan solitaps zasi en toda boca la memegeneratores,Inofensivo
DS_IMG_2710.jpg,el canelo cuando entero se que messi mexico fallo el penal para que fuera quedara se ca amarne nte ele ga,Inofensivo
DS_IMG_2712.jpg,vhanis alovescry 22h eme see te odio netflix espana estan todas las en no pelis de barbie latam como en,discurso de odio
DS_IMG_2714.jpg,chef tatianay esta ell herrera si bebeshita dios dios quita das no pero hmasterchefunion,Inofensivo
DS_IMG_2715.jpg,gane nuestra no belleza latina te preocupes tenemos no miss frijoles lady,Inofensivo
DS_IMG_2716.jpg,mentir lisa ell no te voy a yo en mundial le argentina voy a mabub,Inofensivo
DS_IMG_2717.jpg,aja mexico mexicob ique pasa n ibean aa aco sino supierasoo ayl lo como golearme a vas,Inofensivo
DS_IMG_2718.jpg,mexico kyler murray perdera de el juego se para escuchar firme tener no que a grupo memes de la nfl nfl,Inofensivo
DS_IMG_2719.jpg,vamos pierdan amiseleccionmx rapido trabajo al regresar para d,Inofensivo
DS_IMG_272.jpg,malditos otro dia mas en machistas sociedad una machista tambien hay racismo,discurso de odio
DS_IMG_2721.jpg,istamamalon volvio la seleccion mexicana creer en a,Inofensivo
DS_IMG_2722.jpg,me dijiste pues esta bueno que sli mazapan daban te buen hay un aguinaldo yun pulparindo,Inofensivo
DS_IMG_2723.jpg,estudiante medicina pov de cuando le preguntan universidad coma le la va estoy bien e,Inofensivo
DS_IMG_2729.jpg,aparecen gringan pelicula en una espanoles mexicanos ostia estoy nooo si ha harto de los pero estereotipos racistas dicho espana 9 de los gringos espana viva,discurso de odio
DS_IMG_273.jpg,icada museres te re banco mas vez somos ies momento amiglei 4 llera macho de unrnosi cinismoustrae con,Inofensivo
DS_IMG_2730.jpg,ino jugamosa nadah,Inofensivo
DS_IMG_2731.jpg,tranquilo mexico tienes todo mi apoyo argentina todo a,Inofensivo
DS_IMG_2733.jpg,deberiamos no creoy es dejar pelearz de divertido tus y copasy y tu monedar,Inofensivo
DS_IMG_2734.jpg,demas aficionados viendo de mexico los los estos a en despues dell gol de momentos argentinal hmexicoargentina traducir wit volviendo se salvaje esta,Inofensivo
DS_IMG_2735.jpg,valentin dia san mi de,Inofensivo
DS_IMG_2736.jpg,se fan 10 ftraiganme aargentinal,Inofensivo
DS_IMG_2737.jpg,preparaos losatragantamientos con las ano defin ulas de se acercan om,Inofensivo
DS_IMG_2738.jpg,mexico con arabia argentina ojo el el otro un en y en s ss hqatarzo22 polonia d,Inofensivo
DS_IMG_2739.jpg,ler mexico echele ganas mijo,Inofensivo
DS_IMG_274.jpg,enojar defender a hacer feminazis con con yrespetar las comentariosy actos tus machistas memes mujeres las a como pendejo quedar un,discurso de odio
DS_IMG_2740.jpg,141 final espana alemania cuando comprometes tu pase d siguiente la a fase,Inofensivo
DS_IMG_2741.jpg,seleccion colombia la creando jugadan una maniobra 51 anos esta costar pequena nos va a,Inofensivo
DS_IMG_2742.jpg,llevenme al imss,Inofensivo
DS_IMG_2743.jpg,asf de mexico quede cuando festeje el gol tercer hseleccionmexicana hmexicovsarabia,Inofensivo
DS_IMG_2744.jpg,fan 10 emirates fly beiter bolsillo de el fede 41 cooparr ziggo despues mexicouruguay del,Inofensivo
DS_IMG_2745.jpg,odio yo trabajo mi at ts ch s icholx 8 sos milk inclusoes lo que quimica makeamemeorg,Inofensivo
DS_IMG_2746.jpg,quiero mucho te paco memo oro nueste oe,Inofensivo
DS_IMG_2747.jpg,aqui donde alemania llorar es vengo a a 1 hqatar2o22 en oeutschis peseales mexico,Inofensivo
DS_IMG_275.jpg,seguro sirves para algo para como ver anime leer o manga pinche qliao otaku,Inofensivo
DS_IMG_2750.jpg,prediccion cumplida mexicopasaloscuartos del hotelporsusmaletas,Inofensivo
DS_IMG_2751.jpg,todo yo sunesosconis yo hstora en de las peletes ano ell septiembre d saquenme yo no pedi de este nacer en pais bermundista mexico llevenme 8 solo tuve a usa suerte,Inofensivo
DS_IMG_2754.jpg,mexico con tata en mundial el el no fase grupos pasara ni de de snttes valvollne alista toyota sprinty reouis cnssee canred dcup thi this is ours oy sole sue gole scofiabank allstate toyota sprint fan j0 aneea canee gul mod dyota is ours a tate nieguenmelo,Inofensivo
DS_IMG_2755.jpg,cuando unico pides le lo que vida la gente la a es que moleste te no,Inofensivo
DS_IMG_2756.jpg,hicieron esfuerzo ninos su y miserablementer fracasaron c lecoion esfuercen la est nunca se,discurso de odio
DS_IMG_2757.jpg,jugamos perdimos nunca como y como siempre mexice,discurso de odio
DS_IMG_2758.jpg,pase deujare arabia saudi que vengare de yme messi o insh,Inofensivo
DS_IMG_276.jpg,cuando sales correr a y el terminas puesto en de quesadillas las somcs gloones distraida me que confundi ay,Inofensivo
DS_IMG_2760.jpg,lo mas lewandowski del balon de oroa estuvo cerca que lewmdon 10,Inofensivo
DS_IMG_2762.jpg,el mundo de es los aventados escutia juan,Inofensivo
DS_IMG_2763.jpg,serde guate o hay regalo que sea no,Inofensivo
DS_IMG_2765.jpg,festejaras que el dia del estudiante se que siente 3 reprobar materias memegeneratores,Inofensivo
DS_IMG_2766.jpg,esta cerca de comenzar fan 10 so seleccion partido de la el,Inofensivo
DS_IMG_2767.jpg,c acwiixstyles les buen humano juro intento puta que ser ser pero odio neymar al ctm que 9119 24 2022 twitter for android m mar ps,Inofensivo
DS_IMG_2768.jpg,tatal funes mori jajaja sueno mal broo que despiertate acabamos de ganarle alemania a que addas adldas 11 1l h,Inofensivo
DS_IMG_2769.jpg,ccomo haces para quedarte hasta tan tarde despiertoy no levantarte cansadop eseesmi secreto capitan cansado siempre estoy,Inofensivo
DS_IMG_2770.jpg,cambio fotoallustrativa i internet eeeeh liminados imglip oom,Inofensivo
DS_IMG_2771.jpg,todas maneras nosotros de ibamos lo nunca usar a messi,Inofensivo
DS_IMG_2773.jpg,bah 14 febreron el de s d e  como es cualquier otro dia del anon,Inofensivo
DS_IMG_2774.jpg,pusieron ayer una foto de su infancia deberian de poner hoy una trabajando,Inofensivo
DS_IMG_2775.jpg,comunicado gobierno de republica del la al parlamento europeo vergalo que ami me vale hagas tu com,Inofensivo
DS_IMG_2776.jpg,o o destino si eliminar mi es a mexico coany perdere nadie contra como,discurso de odio
DS_IMG_2781.jpg,y volo sobre miy entonces escort una desaparecio aguinaldo mi rasho su con laser,Inofensivo
DS_IMG_2784.jpg,dice nuestro presi que si no para comprar tienen carne s que salgan a la calle y toouen una nalga asi por lo menos se comen un bifess,Inofensivo
DS_IMG_2785.jpg,normaliza ell odio sin fin corazon tu en s un gamer latino mas bien olvidar esta nunca nunca y perdonar recuerda te como trataron siempre por,Inofensivo
DS_IMG_2786.jpg,i sdpnoticiase com operacion rusia ordena militar ucrania contra explosiones kiev reportan en deforma el yasi comienza,Inofensivo
DS_IMG_2789.jpg,acm 1899 reir eres de la serieadices que el hazme vas s volver pero temes hastaalbenevento  aser temible le i 1899 contligo pero no puedo enojarme se volverasa oue ser temible memedepories com hete con ei deporte en,Inofensivo
DS_IMG_279.jpg,kle mi novia mis padrest presento a mi cabeza favor la lie el yo en por que no subnormal este padre i m ejaja daw machismo ell viva,Inofensivo
DS_IMG_2790.jpg,estamos muertos 18 colero 18,Inofensivo
DS_IMG_2794.jpg,psicologor mi ite proxima si la tenemos parece dos mesesx cita en de aburristes dilo yo si mi solo te yya,Inofensivo
DS_IMG_2796.jpg,odo te sergio ramos kingm oe plussoo cuboue f sutbouero imaldito sevilla nos fallasted,Inofensivo
DS_IMG_2797.jpg,mira amor ya dieron los libros de la sep claos og atlas el no caber va a en mochila mi,Inofensivo
DS_IMG_2798.jpg,preocupado lo yo por pasa que ucrania viviera como no en si mexico el estado de en el deforma bienvenidos al estado de mexico,Inofensivo
DS_IMG_28.jpg,los conguitos losconguitos racistas son porqueutilizan racistas son porque negros son blancos punteed cem,discurso de odio
DS_IMG_280.jpg,solo una es caricatura no influira ninos los en caricatura esa es influira machista l ninos los en,Inofensivo
DS_IMG_2800.jpg,cuando te dicen que hacen memes viven de eso y l,Inofensivo
DS_IMG_2801.jpg,o 2 argentina mexico fase de grupo c grupos deforma el chanflel imejor hubieramos ido el a ver,Inofensivo
DS_IMG_2802.jpg,marina ges es rescatar frida capaz de a pumas ni 16 9 5 3 3 8 t 17 10 2 1 6 te 7 kingm 10 5 9 16 4 z t fondo dela del tabla pi,Inofensivo
DS_IMG_2805.jpg,cpor que arter amiga arte soy eres porque mujer eres cy que artisticop tiene de eso quiero yasi te dar que ps,Inofensivo
DS_IMG_2806.jpg,cuando profesor falta tu viene sustituto el y coscwosennic profesor suplente eque esiet de clase recreo es,Inofensivo
DS_IMG_2807.jpg,esta explicando cuando mi novia me hago algo le estar no pero caso por viendo ojazos sus qo gif,Inofensivo
DS_IMG_2808.jpg,clima digo algo sobre x el x senora una de la nada we deforma el re febrero otro locoo marzo poco,Inofensivo
DS_IMG_2809.jpg,polo norte duendes los de el trineo santa,Inofensivo
DS_IMG_2810.jpg,compa cuando llegaba tu salon rapado al c el deforma serien ok cpor k,Inofensivo
DS_IMG_2812.jpg,chale pinche 9 morra como que si un caldor hace chingo si un de calor deforma el aa ya entendi,Inofensivo
DS_IMG_2813.jpg,marvel hagamos pelicula mas grande la que haya creado 40 personajes con en escena se y de ninguna pelicula competencia la la que pueda superar dci suelten al payaso on hapety,Inofensivo
DS_IMG_2814.jpg,fingiendo trabada estar yo cuando el profe hable me linea la clase en en,Inofensivo
DS_IMG_2816.jpg,como cuando la te avientan a tu friendzone enterado y ni e deforma el olusco,Inofensivo
DS_IMG_2818.jpg,intentaste vibrar altox no se wey iya,Inofensivo
DS_IMG_2819.jpg,alfredo adame sale casat de su mexicanos corto en el deforma,discurso de odio
DS_IMG_282.jpg,tacha rola anatasha alor pseudodisculpa de soy arcangel la estuvo yo o peor dijo inicialmentel lo que que t lig gif,Inofensivo
DS_IMG_2820.jpg,el futbol es deporte un aburrido que cubre pura lavadera de dinero leer si ninos supieran esos enojados estarian muy,Inofensivo
DS_IMG_2823.jpg,teodio nss odio con s e jarocho s emecrunchcom e,Inofensivo
DS_IMG_2824.jpg,bad la musica de bunny esta fea a s ninos supieran si leer esos estarian enojados muy,Inofensivo
DS_IMG_2825.jpg,metieruna nos ya gol banda deforma el,Inofensivo
DS_IMG_2827.jpg,senora ayl perdon,Inofensivo
DS_IMG_2828.jpg,metaleros en mi pais metaleros enotro paises,discurso de odio
DS_IMG_283.jpg,altavoz campana amigo cuenta date de concientizacion machismo sobre el,Inofensivo
DS_IMG_2830.jpg,nadies saliendo descongelado flote por jack a el calentamiento global,Inofensivo
DS_IMG_2831.jpg,vivir cvando quvieres corea pero en pobre vives pais sin un y oppas en sexis juapos y aki odio sv chanyeol,discurso de odio
DS_IMG_2834.jpg,todo hola con respeto,Inofensivo
DS_IMG_2835.jpg,18 deforma el esde agrado informarles mi que este ano memedel primer esel,Inofensivo
DS_IMG_2837.jpg,vende ique vende cafe starbucksa mapach geek chicos starbucks no vende cafe no ciertos es experiencia vende,discurso de odio
DS_IMG_2838.jpg,cafe tacvba wey de el latino vive el en ee,Inofensivo
DS_IMG_2839.jpg,que dia yor ay bueno vaaterminar el ya 1030 el reloji am yon,Inofensivo
DS_IMG_284.jpg,si un arbol cae encima de una mujer hacia arbol la que un en cocinap,Inofensivo
DS_IMG_2840.jpg,cesmo vocioneses odio post tu,Inofensivo
DS_IMG_2841.jpg,estas aun argumentando que cuando le a alguien estas joven pega la agrura y te deforma el,Inofensivo
DS_IMG_2843.jpg,sismica cuando suena alerta la sse domingo las en a b am ssn deforma el,Inofensivo
DS_IMG_2844.jpg,cuando esta de punto cantar ya a rihanna garcia luna orm e,Inofensivo
DS_IMG_2845.jpg,ese ahi esta aqui mesero no y hambre tiene porque no wer acabo de topar todo gratis tu cursou y,Inofensivo
DS_IMG_2846.jpg,teric werkascinc enviando todo odio italia inglaterra nuestro a a,discurso de odio
DS_IMG_2848.jpg,yo saliendo de banarme novia mi todo ya mi cel revisado,Inofensivo
DS_IMG_2849.jpg,ca decian iba y que nunca eso que nada aservir para,Inofensivo
DS_IMG_2850.jpg,cuando mal trata te contesta te no deja visto ningun demuestra te te en no y interes doe esta gusta me,Inofensivo
DS_IMG_2851.jpg,educacion shakira siempre aposto virtual la por ruiz n o,Inofensivo
DS_IMG_2852.jpg,dona tu cuando cara conoces una que a conto dieron cajon te le que que como no todo final dijera cierra al te no para que donde esta diamante el deforma el,Inofensivo
DS_IMG_2853.jpg,despues cuando echas cascarita te una rifarte de spidere man tiro un con smls deforma el ala fama,Inofensivo
DS_IMG_2854.jpg,disparen comunicologo no soy ly haces haciendo deformat que ell memes en tengo hambre,Inofensivo
DS_IMG_2855.jpg,odio la vida odio la vida makeamemeorg,Inofensivo
DS_IMG_2856.jpg,de diciembre 25 355am yo i tio m escrituras las de del terreno mi papa abuela ta,Inofensivo
DS_IMG_2858.jpg,nadies reggaetonero cel que sead un posando para la foto cp deforma el,Inofensivo
DS_IMG_286.jpg,yoalverauna feminaz uu dasasco pendeual me,discurso de odio
DS_IMG_2860.jpg,esperando yo que confirmen regreso el de belanova deforma el,Inofensivo
DS_IMG_2861.jpg,alfredo adame rey grupero victima quien siguiente del todo poderoso la sera carlos trejo ko,Inofensivo
DS_IMG_2862.jpg,ate oue tienes noviar dicen anos anos a los 8 30 a los deforma el tengas es cierto no que es mentira profeta de voz,Inofensivo
DS_IMG_2863.jpg,cuando cancion de bts sale cualquier singular loskpopers mundo resto del el d,discurso de odio
DS_IMG_2864.jpg,los todos odio a mexicanos exceptoalos naucalpan de esos sona toda madre,discurso de odio
DS_IMG_2865.jpg,radiohead toca chidou tan ni superior vato que se cree el a ti solo musica por que escucha la p deforma el,Inofensivo
DS_IMG_2867.jpg,dandome yo cuenta que mi tu esfuerzo no valio la pena vida la 2020 o,Inofensivo
DS_IMG_2868.jpg,cuando sociedad pide la te munecas inclusivas les das te sale una y racista,Inofensivo
DS_IMG_2869.jpg,ime 500 likesy juntaste los solo pude 496 juntar pues hoyo al wscweicom 8,Inofensivo
DS_IMG_2870.jpg,sde enseneme maestro deforma el robert pattinson confiesa usara brazos que inflables el rodaje de the batman para piderman hows his colors ue ahi heroe esta tu,Inofensivo
DS_IMG_2872.jpg,recalentado tio tu llegando despues al terrenos de de abuela pelear la los por deforma el,Inofensivo
DS_IMG_2875.jpg,deforma el intento exposicion este gatito de entrar una a fotografias de nego le la gatos entrass pero se ces porque soy negrop,discurso de odio
DS_IMG_2876.jpg,dias como en hoy aloiz  odio trabajo mi memedeportescom siguete del deporte rendo en,Inofensivo
DS_IMG_2878.jpg,mi novio espero que le guste a recomendeu pelicula que le la novio el cp deforma el,Inofensivo
DS_IMG_2879.jpg,deforma el anos 44 anos 29 freude de hecho hay complejo un explica lo que,Inofensivo
DS_IMG_288.jpg,machista feminista t es peludo es peluda seduce mujeres seduce mujeres acree cree las mujeres los hombres que que inferiores inferiores son son se se de de capaz cree cree capaz hacer deja deja todos luego hacer todo luego incompetencia incompetencia ver su ver su se se las calles las calles pasea por pasea por el desnudo el desnudo torso torso con con violento violenta fes ses y y temperamental temperamental eno lava trastes no trastes lava no cocina no cocina maltrata maltrata novia novia a su a su ve ninos ninos los ve los a como a como una carga una carga,discurso de odio
DS_IMG_2880.jpg,yasila pelaez historia en cruz de el azul cy todas sus posibilidades la de ganar liga llegadoa sufin mxi han,Inofensivo
DS_IMG_2882.jpg,ensenandole yo dios todos los a hice del hacer memes que para mundo mejor lugar un deforma el,Inofensivo
DS_IMG_2883.jpg,los mejores memes amlo bunny de bad y,Inofensivo
DS_IMG_2884.jpg,epocas estas en yo cuando importa leas esto no electrolit enal buca cias tte betesaas han deforma el,Inofensivo
DS_IMG_2885.jpg,instagram trases 207 sao gatito instagram rasessad 20t gatito tiene irse que,Inofensivo
DS_IMG_2887.jpg,melania trump consolando a perdio despues de las gue elecciones munsogfr cl ponte estas musogt rte yqueda ily in hol mexicanos no llores frente los a,discurso de odio
DS_IMG_2888.jpg,cuando terminas de ver dark yte preguntan estuvo como quisiera hablar usted sobre el tiempo con,Inofensivo
DS_IMG_2889.jpg,preguntan cosa ame cualquier estudier sobre la carrera que yo corto en quex el deforma el,Inofensivo
DS_IMG_289.jpg,zo aie satil tsig ureziee dls voe sale levi a la venta figura de nueva en tamano real yob google ecladdt vende rinon a cuanto se un bueent google ke lealo surl can con google espana lineened cen ec oleles en conta,Inofensivo
DS_IMG_2890.jpg,se acabotodo todotodillo,Inofensivo
DS_IMG_2892.jpg,que escucha el wey que escucha el wey nrvana marrano,Inofensivo
DS_IMG_2893.jpg,1 todos de el enero recalentado bajando el,Inofensivo
DS_IMG_2896.jpg,dejalo ya  x muerto esta,Inofensivo
DS_IMG_29.jpg,como los regios creen que se ven como realmente se ven posted rlmexico reddit in,Inofensivo
DS_IMG_2901.jpg,hemana cuando ea le ae cl tegaeton tu ghustar d d problema resuelto chinos ahora le los gustan pero paterd rimer y empieza uno nuevo,Inofensivo
DS_IMG_2902.jpg,ninas wow yo es como mexiquenses soy ese deforma el,discurso de odio
DS_IMG_2903.jpg,dice iquien existen que no detallistal hombres los e e,Inofensivo
DS_IMG_2904.jpg,devueliveme el traje,Inofensivo
DS_IMG_2905.jpg,uno disculpen salude que no mi antivacunas gente la pero a da me asco,Inofensivo
DS_IMG_2906.jpg,cuando tienen el huawel matex ytunoi oooodiooooill lo odio ser pobrel imgilp com,Inofensivo
DS_IMG_2907.jpg,esta al motel ir biend avaricia pedir cuarto jacuzz es con,Inofensivo
DS_IMG_2909.jpg,relacion belinda termina una sus exe que ipomr se amsiz tamtuaron unos pedillos el tatuadore ea el deforma,Inofensivo
DS_IMG_291.jpg,yadejaloya esta muerto kerorsini a,Inofensivo
DS_IMG_2911.jpg,cuando quieres dormir pero esta viendo tiktoks pareja tu deforma el,Inofensivo
DS_IMG_2912.jpg,dos por me da boletoss favoru que peliculau claro cpara morra yo q mi deforma el,Inofensivo
DS_IMG_2913.jpg,que aquiz haces me picafresas regalaste muchas e,Inofensivo
DS_IMG_2915.jpg,p deforma el redbull ee reas de muchachome llena ese orgullo,discurso de odio
DS_IMG_2916.jpg,mexico resto el de tlaxcala fronteras cerrando,Inofensivo
DS_IMG_2917.jpg,caricaturas que no dejaban ver papas si pero picoi los hora la deforma el se obie,Inofensivo
DS_IMG_2918.jpg,cuando descubres ser tiktoker que llevara esta no te nada vida a en deforma el,Inofensivo
DS_IMG_2919.jpg,cuando la peda fue en tu aun despiertas casa q pisteando banda hay,Inofensivo
DS_IMG_2920.jpg,no regreso si den diganle familia la a mi que amor,Inofensivo
DS_IMG_2921.jpg,noteodioperojalate compres galletaoreo una ytesalga sin cremita memegeneratornes,Inofensivo
DS_IMG_2923.jpg,cara cuando me entero mi mnmamaymaestracom d c d g o se d c c la maestra esta que en el grupo whatsapp de,Inofensivo
DS_IMG_2924.jpg,cuando alguien esta triste yo hacer tengo algo supone que que se y,Inofensivo
DS_IMG_2925.jpg,mami llege a soplame ya ver,Inofensivo
DS_IMG_2926.jpg,anos odio cumplir maria viernes el makeamemeorg,Inofensivo
DS_IMG_2928.jpg,esta bien hermana sabemos te que no refieres todos los hombres sino algunos a a los machirulos ofenden si han odio los hombres que se se a dado aludidos algo por es por odio mujeres las a ofunnyo,discurso de odio
DS_IMG_2929.jpg,cuando tienes hacer que trabajo en un grupo hagan equipos profe no se de5 puede de 12 ecebool page divinaspop s hler fof odio es que a todos,Inofensivo
DS_IMG_2930.jpg,en ocasiones contratos veo obras servicios por que o seran fijos discontinuos,Inofensivo
DS_IMG_2931.jpg,estar a mi lado por mas necesito lo cuando por el nor verdadero elsa talenitn,Inofensivo
DS_IMG_2932.jpg,de imaginate novia tu una que eyas es yun dia bien pedo equibocas llegas te que ypor cojes te error a su papa,discurso de odio
DS_IMG_2933.jpg,aceirhi mitee hokteolleads odio ser pobre lo odiol amino amino,discurso de odio
DS_IMG_2934.jpg,papa mli cinta negra es en violencia familiar,Inofensivo
DS_IMG_2935.jpg,mi quedant a mama icomo te correle ver s o e yoi,Inofensivo
DS_IMG_2936.jpg,bajale musica la a que van se a los vecinos enojar sacaso dije al les vivieran que yo lado mior,Inofensivo
DS_IMG_2938.jpg,unico lo que me dejan las vacaciones,Inofensivo
DS_IMG_294.jpg,hay de gente que en vez lluvia de ideas dan una diarrea de pendejadas cards som ee cerd user,discurso de odio
DS_IMG_2941.jpg,estas cuando conocido la calle lo lejos en ves a a un y,Inofensivo
DS_IMG_2944.jpg,el juego tronos ciclo de de esta es la puta mejor serie de la historia creo que he no vox volver a a ver encontrado ml esta serie de mierda nuevo personale en la vida favorito tnosoo lime cago en la puta que ipero por joderr doghousediaries juego de tronos y relacion de odio hace sentir esa amor que y nos mas cuantarazon com en,Inofensivo
DS_IMG_2945.jpg,cuando como siento me espero a alguien de 15 mas inutos m por,Inofensivo
DS_IMG_2946.jpg,soldados listos la iniciar guerra para a flac el int empieza la ion viernes,Inofensivo
DS_IMG_2947.jpg,tu cuandot dicen te cara que trabajar elide te toca mayo,Inofensivo
DS_IMG_2948.jpg,ahhh lindo vientito que noche llueve esta seguro y manana refresca un poco fulanito osme reconcha de la la lora 5 hable carajs que para,Inofensivo
DS_IMG_2949.jpg,teodio sabes ylo memegeneratores,Inofensivo
DS_IMG_295.jpg,ooss c vivo vas muneca no a hacer nada hoy,Inofensivo
DS_IMG_2950.jpg,de cuando harto estas la gente yno nadie quieres te se que acerque,Inofensivo
DS_IMG_2951.jpg,cuando armas la borrachera con excompaneros tus escuela la de los guerreros z reunen se de nuedo,discurso de odio
DS_IMG_2952.jpg,hombres de 25 anos 499 a c el en d hombres 25 anos 2022 de el en,Inofensivo
DS_IMG_2953.jpg,como siento cuando me el con estoy con con ganas ganas de de golpearlo abrazarlo en la cara besarlo y okchicas biancatstella,Inofensivo
DS_IMG_2956.jpg,los odio los desprecio memegeneraton es,discurso de odio
DS_IMG_2959.jpg,estas when en ultimos partida segundos de los cohete vte tran ganan y demonio 0 xdxdxd un por,Inofensivo
DS_IMG_2960.jpg,blancos acan si eva eran y donde de salleron los negros cosas chlstosas fue racista eso tienes pero razon,discurso de odio
DS_IMG_2961.jpg,dolor tristeza morciopost odio,discurso de odio
DS_IMG_2963.jpg,inmigrante gobierno espanol,discurso de odio
DS_IMG_2965.jpg,desea redondearz no gracias ni mi kefueranpa kulo mzosube pendejo voy acerrarkaja puto ni pafunn profes chicler bl redondeats oala le anogues con punetas vkingo vayasa pobre re no kedar pinche kulo chingau madle komo kiera yanovengasaks los ya redondie,discurso de odio
DS_IMG_2967.jpg,antisocial no soy solo odioa la gente memegeneratores,discurso de odio
DS_IMG_2968.jpg,paises latinoamericanos viendo desmi europay medio el dre en oriente nunca mucho vayamosapelear asijlos quiero,Inofensivo
DS_IMG_2970.jpg,odio en redes socialest la gente a dia dormiria todo odio todo el el a mo mundo en sociable curriculum el proactivo s m ideal el trabajo equipo para en,Inofensivo
DS_IMG_2971.jpg,amaaaa estan mis se peleando amall hermanos emegenes,Inofensivo
DS_IMG_2972.jpg,segun estudios cientificos comprobado esta que levantarse temprano genera s idad hacia odio la human madrugar no la mente es sano para el cuerpo ni para mas cuanaazon en com,Inofensivo
DS_IMG_2973.jpg,comio rebanada de la ultima quien se pastely se yos lo preguntarle otro no a kle mama mi mi hermano pregunta quien a hizok kme acusat el lo yos sierto no mentiroso es no seas,discurso de odio
DS_IMG_2974.jpg,musica nortena la es ipor quer para nacos teorica pero y musicalmente por los corridos por quet e psycho clamnca el plis rocks pomque cultura asi es y,Inofensivo
DS_IMG_2976.jpg,podra faltar el amor vida de tu c axo ste oxxo pero nunca un en casa esquina la tu de,Inofensivo
DS_IMG_2979.jpg,no photoshop cnoesphotoshos 15h no es no photoshop es se les informa que a partir del dia viernes 15 el de septiembre yhasta octubre 15 de dia gracias muchas,Inofensivo
DS_IMG_298.jpg,mi comenzo proyecto esposa un querido de jardineria no ha decir me d sembrar que va a oo,Inofensivo
DS_IMG_2980.jpg,cuando hay buenos culos en no salon el c odio aqui,discurso de odio
DS_IMG_2981.jpg,dijiste netflix veriamos que la sacox te d mientas no pero no me,Inofensivo
DS_IMG_2982.jpg,de cuadra la senora chismosa cuando la illevas alguien familiar tu a que a no es casa c,discurso de odio
DS_IMG_2984.jpg,odio ser pobre odioi lo,discurso de odio
DS_IMG_2985.jpg,se convierte en codio alos titanes titanp undin convierte se en codio alos ghouls ghouly se convierte en odioalos vampiros vampirot odio protagonistas los a de isekai harems con,discurso de odio
DS_IMG_2986.jpg,andres alla imira por masprianistas ardidosi amle nusro dresidente pasame vitacilina la marcelo yo encargo me amo nuestro presidente pasenle a ver por su untadita no se se esas hagan ya que les arden pompis,Inofensivo
DS_IMG_2988.jpg,ma s odio mt vida,Inofensivo
DS_IMG_2989.jpg,no funciono me irajugar futbol maltocu pues trabajo eloxxo en,Inofensivo
DS_IMG_299.jpg,es no que sea machista solo que las mujeres inferiores son tan memegeneratores,Inofensivo
DS_IMG_2990.jpg,senor calamardo vengaa esto ver odio cuando cuando velociraptor odio un bicefalo dio cuando velociraptor un me bananas cuando tira estoy estudiando dejan odio cuando visto me en cuando odio un power ranger o viola me s,discurso de odio
DS_IMG_2996.jpg,cuando dicen te prefieren rodar sin que cubrebocas ieres monstruol un c6,Inofensivo
DS_IMG_2997.jpg,no patricio ser otaku decir kawall y japones no te hace memegeneratores,Inofensivo
DS_IMG_2998.jpg,desmotivacioneses metaleras mi en paises en otros pals,Inofensivo
DS_IMG_2999.jpg,cuando como estas orinando tiras te pero un pedo yte cagas,Inofensivo
DS_IMG_3001.jpg,amiguitas tus odio a las mosqueteras las odiola memegenerator es,discurso de odio
DS_IMG_3003.jpg,teodio covid memegeneratores,Inofensivo
DS_IMG_3004.jpg,alas vacunas segurast son ni idea esto heroina es,Inofensivo
DS_IMG_3005.jpg,ls ladybugus ahora cancion cantar voya una odiomiraculous saltando vas ladybug su corazon essu poderes s t  s,Inofensivo
DS_IMG_3006.jpg,de de bailas chico chica ya no o leader follower ahora eres o wmemessbk corren tiempos confusos,Inofensivo
DS_IMG_3007.jpg,odio navidad navidad en il,Inofensivo
DS_IMG_3009.jpg,cuando alguien pide sujete me a que beber su,Inofensivo
DS_IMG_3011.jpg,cuando mi me cara temprano levanto traduccion,Inofensivo
DS_IMG_3012.jpg,odio todo mundo el a omichispara ti,Inofensivo
DS_IMG_3013.jpg,odio bruneeeeeeee l allacces te brunequieresle smin toda argentina si llegamos el ultimo mundial de messis no ganar a es el dia vida de mi peor o c l s ag,discurso de odio
DS_IMG_3015.jpg,ustedes se creen c futbol que odioel certo es eneratores,Inofensivo
DS_IMG_3017.jpg,ite gustaria follar ahora mismo s nadad primero qjue dias buenos,Inofensivo
DS_IMG_3019.jpg,nadie absolutamente nadie ship lesbicos yurie memes yuri dios odio te como juro matare te que memes yuri ufff del hard hora aqui besti mi con,discurso de odio
DS_IMG_302.jpg,nutriologa cuando dice solo la te que dos tortillass,Inofensivo
DS_IMG_3020.jpg,odio vida mil porfavor matame memegeneratores,Inofensivo
DS_IMG_3021.jpg,yo esperando deje de la que sonar llamada preguntar para por whatsapp quiere que,Inofensivo
DS_IMG_3024.jpg,odiosus estados defutbol asi unestado que pondre queloodio paraque sepan memegeneratores,Inofensivo
DS_IMG_3026.jpg,que es  odiandela mas lo que actualidadp,Inofensivo
DS_IMG_3027.jpg,desmotivacioneses estos mis vecinos son chica al ellos hayan visto verme que con una no,discurso de odio
DS_IMG_3028.jpg,nino cuando fijamente durante mira un me 10 minutost owigon hago superp que matop me colomo,Inofensivo
DS_IMG_3029.jpg,no importa color ine tu de ni fan que eres ni preferencia sexual tu odio todo mundo porque el a,Inofensivo
DS_IMG_303.jpg,lafrase ino soy machista no puede laconjuncion seguida de lir peror nosigas por favor memegeneraton es,Inofensivo
DS_IMG_3030.jpg,cuando llaman i me por m nombre gusta no que me o lupes c aicallatedo,Inofensivo
DS_IMG_3031.jpg,odio ellunesi memegeneratores,discurso de odio
DS_IMG_3032.jpg,encuentre las derencias aoae nivels cecyt,Inofensivo
DS_IMG_3033.jpg,lviu mediterraneo digital espana oficialmente 37 generos 10 orientacions ya reconoce y odic espana kapwing,Inofensivo
DS_IMG_3034.jpg,odio la navidad demasfestividades ylas tambien,Inofensivo
DS_IMG_3035.jpg,aqui mentalmente estoy ulonimlonn can tahael pielo lowtlnecn sl,Inofensivo
DS_IMG_3036.jpg,cuando foto illega dos i likes m a et odio ser sexy pero alguien tiene que serlo,Inofensivo
DS_IMG_3039.jpg,pasare esta nochevieja la como han solo,Inofensivo
DS_IMG_3045.jpg,saludar pedir dni vida vida la sigue los los la a memes memes y a d,Inofensivo
DS_IMG_3046.jpg,los dejemos problemas atras tregua,Inofensivo
DS_IMG_3047.jpg,despues de anos zamba 2 al sin ir estar colegio,Inofensivo
DS_IMG_3048.jpg,sonora de llegando al grill masaryk jaja gandi mousset,Inofensivo
DS_IMG_3049.jpg,la mi hermana hermana de negra negra otros,Inofensivo
DS_IMG_305.jpg,cuando dialogode te sigue no un simpson lot sabe los porque no se cnco siopso verguenza osque,Inofensivo
DS_IMG_3050.jpg,elmillor oelmillor sh spooky perdon los hagamos por memes tregua los dejemos problemas atras tregua ta o 19a 2510 a0,Inofensivo
DS_IMG_3051.jpg,cuisco mis favoritas frases aodins derder 24 2020 las 1001 mar a coronavirus tuz eres dio por fin la cara 450 450 56 7425,Inofensivo
DS_IMG_3052.jpg,itiene buenas curitas color s pielr cinta ferreteria la negra en joven,Inofensivo
DS_IMG_3053.jpg,dracu paula rivas edracularpis 1sh lurbe sonora grill canct lee ce meears eegnande lce clientea 8 ce la zone,Inofensivo
DS_IMG_3054.jpg,publicaciont hacer que esta con enviar facebook pera e su rerisian sspard otd inoumols ee e notnes dueslas comumees le bloquear skinometer a menes ye nd peoen seoe dl conocne ocullar ooo de skin o meler memes no codendo de sa a meter vede momoe,Inofensivo
DS_IMG_3056.jpg,cuando un ves a superandose negro estudiando y tm vamos rolbate lapiz un o deseas igo lo se que a,discurso de odio
DS_IMG_3057.jpg,ricky puenthe 16h orickyduenthe yahritza y gracias nosotros crecieron los de pensar que a ysu grupo escencia chsm que donat s10 oo z no donat c,Inofensivo
DS_IMG_3058.jpg,mio es oron demog b memero tambien mio es tambien obviamente dah esperabas mio que es ediscriminacion pos no v,Inofensivo
DS_IMG_306.jpg,alcoholicienta te encontrar patona voy a  crist aguiv lo,Inofensivo
DS_IMG_3060.jpg,fue racista eso,Inofensivo
DS_IMG_3061.jpg,c a2 080c 16oc b a 150c ozoc e s s s  e s s s s colaboracion conla de sos racismo,Inofensivo
DS_IMG_3062.jpg,cuando blanco cuando un negro un dice dice te te negro negro,Inofensivo
DS_IMG_3063.jpg,de racistas yxenofolos s los kespues memes hermanos seguimos siendo porque civilizados seres somo ifunnyocs,discurso de odio
DS_IMG_3066.jpg,no al racismo 8851 pm 0 qureseee,Inofensivo
DS_IMG_3067.jpg,el racismo me gusta ser megbo eso bien esta hy lock me blanco gusta ser ragstes mu lock,discurso de odio
DS_IMG_3069.jpg,plantel cuando llegas conalep un a conalep cancun m bellisimo es,Inofensivo
DS_IMG_307.jpg,venga me bebo todavia una mas mujer va total mi me todas a matar de maneras,discurso de odio
DS_IMG_3070.jpg,when dices conalep embarazan tu que en no se morra embarazada una ypasa conale exibistess ya nos,Inofensivo
DS_IMG_3071.jpg,parisina cuando perdia me en s gfaaaaaaa,discurso de odio
DS_IMG_3072.jpg,trabajo fue un de equipo,Inofensivo
DS_IMG_3073.jpg,equipo trabajo en cnd nacolep oficial alamdlanvesbos com nacolep en el,Inofensivo
DS_IMG_3074.jpg,decian meteteal conalep den guapos hay puros,Inofensivo
DS_IMG_3075.jpg,when te duermes clases en profe y despiertas la del en cama 0 conalep,Inofensivo
DS_IMG_3076.jpg,decian iba y que nunca eso que nada aservir para,Inofensivo
DS_IMG_3079.jpg,ioue te pasar dia tuve un mal necesito apoyo tu oral querras decir moral no oral,Inofensivo
DS_IMG_308.jpg,si una chica rechaza una oferta sexual de un chico tiene personalodad d cambio chicolo si en un pringao hace es raro un,discurso de odio
DS_IMG_3080.jpg,cuando llegas urgencias te a y atender exnovia tu la a a va enganaste que,Inofensivo
DS_IMG_3082.jpg,rincon de visto fi opaito er usted nsenoras tiene tambien partido el 2 en d escape ee ini  opaito visto etringonde en ,Inofensivo
DS_IMG_3084.jpg,cuando quitas caizon sale le el le y olor cuca frescal un a bicno,Inofensivo
DS_IMG_3085.jpg,iey quien mando te estoxl,Inofensivo
DS_IMG_3086.jpg,suegra ponte centuron el de seguridad infinlies cucalalas,discurso de odio
DS_IMG_3087.jpg,cuando usas la tanga sabor a limon,Inofensivo
DS_IMG_3088.jpg,tienest mi que compai s alcoholizado yo todo de apunto y s llorar nada wey,Inofensivo
DS_IMG_309.jpg,cque mujer es millonariad la,discurso de odio
DS_IMG_3090.jpg,todos conocemos a deja el alguien que no bano celular ni ir al para,Inofensivo
DS_IMG_3091.jpg,siempre que platicamos acabo mojada te excitop no escupes hablas cuando,Inofensivo
DS_IMG_3092.jpg,converti mas me lo en que ia de edad pobre tem mayor y,Inofensivo
DS_IMG_3093.jpg,hay alquien detras de nosoitrosl nose gya ladosi los tampoco entonces la del fuiste tune peo,Inofensivo
DS_IMG_3094.jpg,desespera marujal seguir introduzca una mipolla contrasena s amanugorriz lo siento es demasiado corta amanugoriz,Inofensivo
DS_IMG_3095.jpg,dijo que me era medioburro no sabia pense que leer i d ahora ni no puedo sentarm,Inofensivo
DS_IMG_3096.jpg,de la gratis illevaron vacaciones,Inofensivo
DS_IMG_3097.jpg,multado cubrebocas el por usar no cazando pero estuve ratas  doble multa perseguir las a por autoridades lorenzo,discurso de odio
DS_IMG_3098.jpg,iesto lo no es que parece mi amori iajaallicon que sabias lavar los platosi e g,Inofensivo
DS_IMG_3099.jpg,que sigue despues del 692 7o ss que y pusiste por lavarse los dientes wi 2,Inofensivo
DS_IMG_3100.jpg,su ipodria describir vida sexual palabrasi en dos fod ques ami,Inofensivo
DS_IMG_3101.jpg,volvereadecir no palabrotas cabrasospartanas www com mls ique manana es lunes otra veze isui madrel puta,Inofensivo
DS_IMG_3102.jpg,querido diario empece practicar mi canto a invitaron hacer me porque a el viernes trio un nervios que de tequila poesia y,Inofensivo
DS_IMG_3103.jpg,paisdel som horoscopo lo dice mi esta estara manana ilena de sorpresas,Inofensivo
DS_IMG_3104.jpg,te irias no tu te ya con un drogata de que veo encima esta se copas con follando tu a pacol mujer no pues pues paco tampoco sousa,discurso de odio
DS_IMG_3105.jpg,no creas que porque te enamoras un feo no de lo van te a quitar siempre hay ilme tu una que mas ciega,Inofensivo
DS_IMG_3106.jpg,cuando discusion piensas la que a yestas inado term en paz pero para illa e no,Inofensivo
DS_IMG_3107.jpg,sarcasmoironiasincensur ipara que para usas eso que se vea el cabelloz en mas largo ahora explicame carajos te jcomo penex quemaste el,Inofensivo
DS_IMG_3108.jpg,cuando jefe lugar tu tu pasa por y trabajas haces que como i,Inofensivo
DS_IMG_3109.jpg,perfecio ya puedes hoy voy a hacerte lo que tender la ropa poner nunca te ha hecho nadie la lavadora y limpiar bano el cuarto de chistesychistecitos blogspotcom,Inofensivo
DS_IMG_311.jpg,eicomo yo no hice chiste machista el voy a ser si solo casa todas son mujeresy me rei mi en gk alacuca ilustrada tambien nosotros nos matan a caer no se va a 8 vamos botar lo a,Inofensivo
DS_IMG_3110.jpg,molestesn no ya que se es baston tu es peor nadacom hpl,Inofensivo
DS_IMG_3112.jpg,digo cuando solo ir voy que a yllego tomarme una cerveza bien soltando madrazos briago como mi papa mi papa como,Inofensivo
DS_IMG_3113.jpg,blanca tiene principe que ese y enamoradal estas tan que,discurso de odio
DS_IMG_3114.jpg,no puedo entrar pero estas si facebook al el microondas con anos los perdonan no,Inofensivo
DS_IMG_3119.jpg,yo yendo despues de orinar a haberme acostado,Inofensivo
DS_IMG_312.jpg,no el cedas asiento a i mujery una ty honesth lonesta el lque acto de ceder el lugar mujer una a no es esta embarazadal anciana ni revela que inconscientemente la mujer creemos que se cansa mas hombre naturaleza no el inferiora por su que caballerosidad de acto es un acto es un machistas,discurso de odio
DS_IMG_3121.jpg,la delincuencia cada es peor vez,Inofensivo
DS_IMG_3122.jpg,jefecitan bonitas de mi que horas llegar yo bien pdo fingiendo refrigerador ser un,Inofensivo
DS_IMG_3123.jpg,es que intento tu un original mi con si ver para vestido me estampado marido el un toquetea un de celulari poquitog fen ner sa nsies com,Inofensivo
DS_IMG_3124.jpg,billete viendo guardas tu lo como chichis entre tus co ss sonrisas,Inofensivo
DS_IMG_3125.jpg,prohibidoo lo lo y arriesgado se disfruta rico bien silencio yen ooo,Inofensivo
DS_IMG_3126.jpg,dame duro paco que usas con eso mear para,discurso de odio
DS_IMG_3127.jpg,hola amores les fue mis como el fin de semana con la abuelaz,Inofensivo
DS_IMG_3128.jpg,el hacer amor vamos amor lo chespirito a eso2 como es hasta quede el que me chapulin colorado jaja ja,Inofensivo
DS_IMG_3129.jpg,cansada de ninos tus que c brinquen la 2 en cama recomiendo bonito te este antininos edredon doc,Inofensivo
DS_IMG_313.jpg,videojuegos representan a las mujeres los debmes como seres si incapaces luchar mismas e de por favoro por,Inofensivo
DS_IMG_3130.jpg,ahi dejo ama de peda te me voy ya a bendiciones las ya cenaron,Inofensivo
DS_IMG_3131.jpg,mi marido bombonl un es nos redondo es lindox es licor ileno de y,discurso de odio
DS_IMG_3132.jpg,pensando yyo los eran que murcielagos pajaros los y,Inofensivo
DS_IMG_3134.jpg,michi aprendiendo modelo a ser la ecurioscatoonical,Inofensivo
DS_IMG_3136.jpg,mi amor c has visto mi dientes cepillo de electrico 2 ntpiistes se b brrr,Inofensivo
DS_IMG_3137.jpg,amor entrevista de rabajois mi me voy la a ropa vas a ir con esa muchar que stes furno,Inofensivo
DS_IMG_3138.jpg,hay estan mujeres que distraidas solas por,discurso de odio
DS_IMG_314.jpg,deboirme cocina necesita me mi,Inofensivo
DS_IMG_3140.jpg,habia antes memes no nos y dabamos cuenta emmanuel hernandez,Inofensivo
DS_IMG_3141.jpg,oue buenol dio hoy me  de hasta lavar la tiempo ropao mientras hijos el tus tanto en cuarto dae tarjetitas,Inofensivo
DS_IMG_3142.jpg,no la te asustes que cola tenemos que que vestidon del la sostener es t histesz com,Inofensivo
DS_IMG_3143.jpg,enfotogtafa captadoi porfin elmiticopajarocon suelas,Inofensivo
DS_IMG_3145.jpg,frasesi mias boca ajena en uno sera pecador siempre el,Inofensivo
DS_IMG_3146.jpg,mi harto de gato verme todos dias los la casan en chisues genmales,Inofensivo
DS_IMG_3147.jpg,prometio mas botella tocar nunca una o de ahi tienenes lata lo cerveza y hombre de palabrall ss,Inofensivo
DS_IMG_3148.jpg,no karen entiendo ni le yo mmmm al extra mejor vete fa cte s,Inofensivo
DS_IMG_3149.jpg,cuando tambien la muerte a llega horas le la,Inofensivo
DS_IMG_315.jpg,feminismo dcionario lemuse feminismo suustanio mescuno,discurso de odio
DS_IMG_3150.jpg,cuando muerdes empanada la esta aun caliente y,Inofensivo
DS_IMG_3151.jpg,5 dias sonando doctor illevo con jugando futbol horm igas tomese yhoypodra dormir esto bien locolz iiesta hoy final la es,Inofensivo
DS_IMG_3154.jpg,cuando dan invento salir excusas para no me y soluciones sc 6 li,Inofensivo
DS_IMG_3155.jpg,por favor si van a dar lata model modelo vodelo sean estas que de soydesmadroso soychingon soymexicano,Inofensivo
DS_IMG_3157.jpg,llevame piensesn ni lo niejo quiera iquien zoologicol al que verte aca venga casal a la,Inofensivo
DS_IMG_3159.jpg,quie hace falta mujer mire para que una nos asiz seria pregunta,discurso de odio
DS_IMG_316.jpg,clucha feministae manana deja para lo que companera puedas hacer hoy memegenerator es,discurso de odio
DS_IMG_3162.jpg,igual te piensas andate que cuidado ese con con quiero lo hacer para yo follar chico solo te quiere del los crucigramas para periodico,Inofensivo
DS_IMG_3163.jpg,de culito las para glamuroso heciortreioagmaill com,Inofensivo
DS_IMG_3164.jpg,cuando de boca la te en caes de de abuela la caja costura oe,Inofensivo
DS_IMG_3167.jpg,cafe antes del odio a todo el mundo despues cafes del odiar me siento bien de a todo mundo el,Inofensivo
DS_IMG_3170.jpg,algo positivo dil auto de mi b,Inofensivo
DS_IMG_3172.jpg,judas traiciono ni tanto king burger your way haveit s morphius urger cing,discurso de odio
DS_IMG_3174.jpg,se del dia padre ell acerca toxicass las luchona axd hasta la soy gue mi bbe diaa muerte ypadrep feliz madre ocon los huevos que acauta beach le taltaron al papa soyp que madre mas padre cunas heladas el por dia del padre 8 o que,Inofensivo
DS_IMG_3175.jpg,anatomia de un caracol cara l td col,Inofensivo
DS_IMG_3176.jpg,veces siento que todo vueltas meda uncolla que yo estos de revento,Inofensivo
DS_IMG_3177.jpg,yo lo mataria marido mi me engana hice les agujeros condones sus a te matare maldital erupo xistes,discurso de odio
DS_IMG_3178.jpg,haciendo todas yo casita una con hice nombre las pajas tu me que a s s,Inofensivo
DS_IMG_3179.jpg,vean las gallinas desde que a aumento precio el de los huevos,Inofensivo
DS_IMG_3181.jpg,no se de oliva si ponerle aceite o agua bendita,Inofensivo
DS_IMG_3184.jpg,les dijeron que escribieran la en algo pizarra que su sepa pareja no vas soa a ser esteail papa luis selena,Inofensivo
DS_IMG_3185.jpg,me pregunio si m sin unica soy la que los ve o,Inofensivo
DS_IMG_3186.jpg,onfesarle debo cando que picar algo espe me invito a osaalberto otra raba p s q l,Inofensivo
DS_IMG_3188.jpg,como viendo echan yo mi se encendedor el bolsillo en s,Inofensivo
DS_IMG_3189.jpg,ciencias del olor lavanda reduce la a depresion estres ansiedad yel io soo yos,Inofensivo
DS_IMG_3193.jpg,habla cuanto amix quien te tu con lokiando siempre terminas para dec chelas irte que vayan por unas tranqui,Inofensivo
DS_IMG_32.jpg,presssidentl aprestigedome the 5m sonora grill yo de llegar al asignen chida antes para que me mesa una sonoragrill hsonoragrillprime,Inofensivo
DS_IMG_3200.jpg,la piercing tiene la en morra que todas fotos las sale lengua asi en y,Inofensivo
DS_IMG_3201.jpg,sabes nmmz si ya paniquea como se das le que para we,Inofensivo
DS_IMG_3202.jpg,como sue an sopa pelo la en ve sue njo calvoa sog d,Inofensivo
DS_IMG_3203.jpg,yo de despues hacerle 4 berrinches amorcito i a m pa enojaster te,Inofensivo
DS_IMG_3204.jpg,pepesi te has no fijadollevo puesto vestidon el mismo ligl,Inofensivo
DS_IMG_3205.jpg,platano pataco originalplatano yo fingiendo comida la que no veo estan darme por que en casa ajena,Inofensivo
DS_IMG_3207.jpg,destinosialgono querido mino cabron es para seas lo no pongas en caminoll mi,Inofensivo
DS_IMG_3209.jpg,invite la salir trajo a yno para su comida,Inofensivo
DS_IMG_321.jpg,todo machismo ahora es d chiste puede hacer ni no un se,Inofensivo
DS_IMG_3210.jpg,ibajate de la mesal no grites me tu que no soy maridol,Inofensivo
DS_IMG_3211.jpg,dominar el estamos listos para mundo mrn eavid pea,Inofensivo
DS_IMG_3212.jpg,icomo le haces te para no se q huevox el pegue bano me seguido ae s,Inofensivo
DS_IMG_3213.jpg,miol dios i hijo tu esta muerto escenas de peliculas,Inofensivo
DS_IMG_3214.jpg,senorita suerte por ningun tiene usted no sintoma del coronavirus ahora por favor expulse el aire para poder sacar estetoscopion mi tadl,Inofensivo
DS_IMG_3216.jpg,tienes nivel experto ser que en entender imagen la para memes guapa adios d a,Inofensivo
DS_IMG_3218.jpg,icomo taradol ioye o ocurre acostarte se te empleadax con la eique ique quieress chunu decepcione nos se y abandoney iso sodliofl pedazo de d s tene trapta,Inofensivo
DS_IMG_3219.jpg,aca hecho senora venga que oulooto doctor vamos cuernoss a empezar por los un tratamiento para que marido mi se ponga como un torof lootaeia,discurso de odio
DS_IMG_322.jpg,asesinatos machistas semana una 6 en la culpa menas es de los hablando en meme,discurso de odio
DS_IMG_3220.jpg,como puede verr entiendo ciy ud desea dr esposa trres le quite mi tenerr que yo uno senosin nouuu mi querrer tao que aumentarrme una mano usa,discurso de odio
DS_IMG_3221.jpg,senorita por favor nos morimos de digame suspenso icual ellos de es el nuestrop,Inofensivo
DS_IMG_3223.jpg,puedo icomo hacer feliz te la en camaf eno despiertes me,Inofensivo
DS_IMG_3226.jpg,ipor que ya no pasas por esa calles pedillos unos,Inofensivo
DS_IMG_3227.jpg,te njo s llege mi emaile s l si,Inofensivo
DS_IMG_3228.jpg,verdad no la estoy muy seguro coo el de pero las tema parece me que de escaleras emergencias asi no es,discurso de odio
DS_IMG_3229.jpg,aunque camine el valle de la muere por temere no ee,Inofensivo
DS_IMG_323.jpg,personajes animados machistas tienesotrolugar cno decirestupidecesp donde de,Inofensivo
DS_IMG_3230.jpg,cuando quedo solo me en escucho ruidosss casa y,Inofensivo
DS_IMG_3231.jpg,aqui carmen mira dice oue en mexico somos el segundo pais de latina mas america con infidelidad iquien chisodos carmenii es,Inofensivo
DS_IMG_3232.jpg,vendor de vidrio desarmada mesa el opine armar que sepa no no y arruine la venta no me,Inofensivo
DS_IMG_3234.jpg,sii ingeridor me dijiste bebidas de inge que eras alcoholicas,Inofensivo
DS_IMG_3235.jpg,nmms jajajajajaja si existen cop cl,Inofensivo
DS_IMG_3236.jpg,cuando fuiste mas te necesitaba te ceisies c,Inofensivo
DS_IMG_3237.jpg,anuncian suspension el 15 de septiembre foraneoss mis compas nexuco od,Inofensivo
DS_IMG_324.jpg,una noche fui bar a un conoci hermosa mujer una a toda reimos la noche conversamos nos invite varios coqueteamos la tragos a blgo tomo del brazo las 5 tipo la a am un illevo bano tuvieron la luego se sexo y y ella fue ell pero importa tuve se con no yo oo la posesion toda noche la guardiola atentamenter pep,discurso de odio
DS_IMG_3240.jpg,yajefel dejenos salir esel grito noveque hoy,discurso de odio
DS_IMG_3242.jpg,entonces cgia me yo y no me pasaba nada no como ustedes todos gue son delicgos,Inofensivo
DS_IMG_3243.jpg,quedo te delicioso el purel era arroz,Inofensivo
DS_IMG_3247.jpg,ell pero casi 24 31 y todo ell asi ano asi memezack,Inofensivo
DS_IMG_3248.jpg,pide de se les la manera atenta pasen mas que a pertenencias recoger sus ya la milpa se secando esta,Inofensivo
DS_IMG_3249.jpg,cuanto es 2 i son euros 80 sube ok guapo,Inofensivo
DS_IMG_3250.jpg,isexot todos dias si claro los noy si hombre mujer que o ah lo atraviese que se co c ceste,Inofensivo
DS_IMG_3251.jpg,carino iah siz hablar puedo no pues ira m estoy el por conduciendo retrovisor,Inofensivo
DS_IMG_3254.jpg,hermosa rubia quisiera ser y hombres todos deseada los por de pozo descos los marce de pozo descos las a responder od,discurso de odio
DS_IMG_3255.jpg,atras el de la cuenta paga usted pero viene sola senorita estas no entendiendo me mirisa,Inofensivo
DS_IMG_3256.jpg,la ultimo cuanda cita momento cancelan te a,Inofensivo
DS_IMG_3258.jpg,yaes viernes c ffo cnars por shakira,Inofensivo
DS_IMG_3259.jpg,j icuando yo era pequeno los existianl drones ya este modelo el es t primero vi volar que,Inofensivo
DS_IMG_326.jpg,cuando te dicen que los chistes machistas no gracia tienen pobrecfto ingilp com,Inofensivo
DS_IMG_3261.jpg,senor descanso dale el eternolll bb2 s linea en hoy ya quiero verle 206 jajaja 207 mentiroso 20 seguro estas 201 conunovia no loca esta amor esa ya durmiendo 20e,Inofensivo
DS_IMG_3262.jpg,esn mira carinon si las tuvieses yo miro estas como estony te no digo nada esn,Inofensivo
DS_IMG_3263.jpg,soy dejan dormir el vecino de abajoy no me trabajo mananan el wiky wiky con esey yo d aceite picaste,Inofensivo
DS_IMG_3264.jpg,que detallazo vieja hacerme tortillas de las de la harina a 3 manana osmsosa oo es,Inofensivo
DS_IMG_3265.jpg,seguro es una trampa doo mi mi te gusta amor no mi no es amiga anar tipo siento ana lo pero habra trio no,Inofensivo
DS_IMG_3266.jpg,cuando drogado igual estas muy pero ella piensas en g,discurso de odio
DS_IMG_3268.jpg,dias lio fui 7 tanto esta por semana que a pescar del generales mamors club derortind da pesca t,Inofensivo
DS_IMG_3269.jpg,caldo ya el esta mero se ve que va a y bueno estar,Inofensivo
DS_IMG_327.jpg,cuando acabas de lx yte conocer dice dr no feminista machista ni soy d todos los malos extremos son,Inofensivo
DS_IMG_3272.jpg,iestoy flojera harta de tu ite mismol vas ahora ime haces maletal la,Inofensivo
DS_IMG_3273.jpg,esolo tienes decir que mentirast cy yax casi de facilz rc cost diga,Inofensivo
DS_IMG_3274.jpg,verdad des lo que sonar acabo de que enganas ime con una 4 rubia modelo,Inofensivo
DS_IMG_3276.jpg,p e 1 c c podrias al menos haberte afeitado,Inofensivo
DS_IMG_3277.jpg,hola amor lege eya abuelar mai,Inofensivo
DS_IMG_328.jpg,pablo apollodetroya cuando subio arcangel la story trapero ese seguro idejalo estaba quiero cancelen io que me s s,Inofensivo
DS_IMG_3280.jpg,carino creo que llevar i debemos a corte perro para lin de cabelloes lobo andaluz y gitana luna s,Inofensivo
DS_IMG_3281.jpg,aguinaldo dieron el que temprano e liquidacion es tu,Inofensivo
DS_IMG_3283.jpg,al conseguir como vida mi de hombre viejona medio ya,Inofensivo
DS_IMG_3285.jpg,que paso aquiz s,Inofensivo
DS_IMG_3286.jpg,anos cuantos novia tiene tu 41 jajajaja podria ser mama tu si pero es la tuya duma,discurso de odio
DS_IMG_3287.jpg,si cogelo algo apetezca te ves que,Inofensivo
DS_IMG_3288.jpg,despues antes de de mama mama ser ser pirates,discurso de odio
DS_IMG_3289.jpg,o o cuando tu empieza suegra ya o a0 da voga varga 0 aceptarte a d yerno vogo vog vorg vos vos vos vo,Inofensivo
DS_IMG_3290.jpg,que sabias puedes de saltar un avion sin paracaidas veze solo una pero,Inofensivo
DS_IMG_3292.jpg,revise tu encontre carro yno ningun cabello de otra mujer lemur el enganas acaso me cabroni con una calva,discurso de odio
DS_IMG_3293.jpg,da miedo me illegue que mas mentiroso otro conquiste te que yoy memes,Inofensivo
DS_IMG_3295.jpg,mas cc feo patada eres que estomago el en pero publicas buenos unos memes,Inofensivo
DS_IMG_3296.jpg,me encontre mi con ex y hasta fuimos yal comer a fotos nuestras ver me vinieron recuerdos tantos ckinechanzo,Inofensivo
DS_IMG_3297.jpg,nadie nunca el el hagas ya tu no causa no caso lagrimas salimos tus rato merece un despejes te para que,Inofensivo
DS_IMG_3298.jpg,asi el eclipse los lo esta para que no pueden ver,Inofensivo
DS_IMG_3299.jpg,ayer 5 invitaron mujeres salir me a barbarol ique ycomo hacess le ffue el bar entre en bano al equivocadol,Inofensivo
DS_IMG_330.jpg,guen elfa empieza una a publicar momos secua nost cocina vuelve alla hv,discurso de odio
DS_IMG_3300.jpg,interesadas las siempre mujeres son salgo mi amigon con con que se van el solo tiene chacras porque sus yo mi amigo,discurso de odio
DS_IMG_333.jpg,j870 caes de los hombres estan heteros no dispuestos ligar a chicas trans con transfobia la por y odio el si eslo que heterosexual significa,discurso de odio
DS_IMG_335.jpg,verne ies del distraidor sexista el novio lo meme ensena polemica sobre los la que nos memes verneelpaiscom,Inofensivo
DS_IMG_338.jpg,el hombre queria un dios creo a mujer hombre la creo dios al sandwich el sandwich no se iba hacer a sola scorp eso muchas vayan explica cosas,Inofensivo
DS_IMG_339.jpg,comparar feminismo machismo con es ponerte un cartelque dice no tengo loque hablop idea de,Inofensivo
DS_IMG_34.jpg,quisieras ya ser mejicano we,Inofensivo
DS_IMG_342.jpg,esta machismo el mal asique disimulo superioridad intelectual ante las mi mujeres para que no me llamen machista tor net,Inofensivo
DS_IMG_343.jpg,ael gustabanlos le chistes machistas yano memegeneratornes,Inofensivo
DS_IMG_344.jpg,salen dos de verga para el pan comes q d tain,Inofensivo
DS_IMG_345.jpg,hombre machista mal trata a su luego esposa y se arrepiente sundra soontuncacion joven panto si,discurso de odio
DS_IMG_346.jpg,un si gey se enamora de una lezbiana seria bisexualismor,discurso de odio
DS_IMG_347.jpg,sabes batman el jere cuande que es ves queta eperiang toda de hace la liga la justicia meta que se a todos puedan avion volar su aunque ejems,Inofensivo
DS_IMG_349.jpg,cuando machista misogino gritan te de entiendes la mujer opresor no y dicen te lo por que,Inofensivo
DS_IMG_35.jpg,eres racistal no nada para no nada para nos nada para mt,Inofensivo
DS_IMG_350.jpg,muertos hay en tampico por balacera yno pasa nada tortasyoyaytodo mundo queman el pierde la cabeza s e,discurso de odio
DS_IMG_351.jpg,losmalditos odioa machistas hombres memegeneratornes,discurso de odio
DS_IMG_352.jpg,peru hoy pierde fecim len ima a,Inofensivo
DS_IMG_354.jpg,alguien cuando hace una broma machista todos tus amigos que y saben tu eres la feminista oficial grupo del g o,Inofensivo
DS_IMG_355.jpg,cuando tus amigas teempiezan a percibir habias machismos de los que les avisado humor radfem querida bienvenida,Inofensivo
DS_IMG_357.jpg,il urgente revision protocolos de los violencia la machista contra,Inofensivo
DS_IMG_359.jpg,logica ninos de juguetes para tio cachas practica desnudo mente mujer atractiva normal hetero juguete convierte hijo tu a en gay,discurso de odio
DS_IMG_36.jpg,cuando illevas sin 1 semana robar s,Inofensivo
DS_IMG_361.jpg,cuentame otro chiste sexista veras que risas memegeneratores,Inofensivo
DS_IMG_362.jpg,padres complicados compre le mi hija una a probaste con ey no munecas casa de rosa y ella hablar con y gusto no le iyo no entiendoy que preguntarle le sl las nenas aman el rosa gustar munecas las y gevea umoos wweacebooconigonals,discurso de odio
DS_IMG_363.jpg,deberian cualquiera las mujeres no llevares yoi callate bore pane com,discurso de odio
DS_IMG_365.jpg,cuando independiente mujier luerte e eres una del patracado conta en muerte all hombre cuerpo mi reglas mis dadbunty ascicihas meo vzing y g s 0 pe soy e ahora bote,Inofensivo
DS_IMG_366.jpg,muestrame fragil masculinidad siri la doo dic mehdr,Inofensivo
DS_IMG_369.jpg,tua tudtes as migeres ekco de tijeras cocina 6 multia wjeras para funcionales buenas cocina la rcsistentes fuerles y tijeras para mujeres,Inofensivo
DS_IMG_370.jpg,ninos ninas dejad de educarme para ser esclava,Inofensivo
DS_IMG_371.jpg,todosp ctodas ctodasp y cpaqueritodosi ctodksp eppannola la lengua es azingnoes machista ha asi sido de todala vidal memegeneratores,Inofensivo
DS_IMG_373.jpg,respetar solamente las mujeres que a te es respetar atraen no y las mujeres a,Inofensivo
DS_IMG_374.jpg,nos se por que nolos hacen es obvio canon que son novios reforzar el estereoritipo sexista de que del dos amigos sexo varones cariniosos masculino pueden ni ser no sentimental sin pareja refuerza cercanos ser machista hombres la cultura impide ios que que abiertos relaciones sean mas con sus interpersonales amigos andate entre asi que hahahque shipera de merda pedo acagar soy jpg un,Inofensivo
DS_IMG_377.jpg,mujeres hombres aveoarime tengo chistes soportar que las mujeres machistas sexistas y en dicen todos los ambitos de mi onvre dlaria vida,discurso de odio
DS_IMG_379.jpg,poraue creenes los que a con problemas cambios cle ce las imagen deara mujeres se abtener a solucionan poco acencion masculina,Inofensivo
DS_IMG_380.jpg,ique somost feministas terminar modelos los con ique queremosy de belleza imposibles ly cuando lo hola queremos laxiz despues del mundial,discurso de odio
DS_IMG_381.jpg,casd tll arregla cuatro debe lucir impecable altima ronda las haz una por principales de la areas casa de marido justo antes que tu lle libros de levanta gue escuelas y limpia juguetes etca plumero is con un mer ass,discurso de odio
DS_IMG_382.jpg,soy machista casa yo no en mi nos yami educaron igual a mi hermana no es aldiotal la familia el socializacion unico agente de memegenerator es,Inofensivo
DS_IMG_384.jpg,sexistax ilenguaje sexistax isociedad eque opina la real academilax sp adobe spark,Inofensivo
DS_IMG_385.jpg,sienton lo me tipico macho delgadasn gustan mas quien crees se idiota que maldito igperaltall tambien ami siento gustan lo me altos gustan me altoss mas se crefa jajaja bien hermanal tenia que una oportunidad el pitufo muy sexismo solo aplica hombres a parece que se a veces mas cuantarazon com en,Inofensivo
DS_IMG_386.jpg,mi mama le preguntar tus voy a a amigos si todos cumplen anos todos sabados los yo no jefa haga no eso,discurso de odio
DS_IMG_389.jpg,publico denunuia sexistas estereotipos y las retrogrados contra enfermeras,Inofensivo
DS_IMG_39.jpg,selfie de hazte rollo una con un seras la papel luna como y,Inofensivo
DS_IMG_390.jpg,el corazon razones que razon la la razon desconoce,Inofensivo
DS_IMG_391.jpg,de anuncios sexistas juguetes cocheo los que al mujer vale en parecer una no para coger un un hombre puede dedicarse illador no a maqu desm otivaciones win es,discurso de odio
DS_IMG_392.jpg,ayyyn una cocall,Inofensivo
DS_IMG_393.jpg,eninax nino nina eninxz e s s 6 las letras no son sexistasla gente es sexista quieres educar s1 en la igualdad de oportunidadess no necesitas escribir como si vocales te faltasen en la ruleta de la fortuna,Inofensivo
DS_IMG_396.jpg,yo necesite carrito ni que na no creo e canasta yo 7 despuest in m,Inofensivo
DS_IMG_397.jpg,aprende a decir me qouiero antes de decir te qouiero,Inofensivo
DS_IMG_398.jpg,los 2 5 ligues y5 vatos novias con quedantes noviar cualquier itienes morra ellos cmiltonero no,discurso de odio
DS_IMG_399.jpg,pildoras dificiles de tragar a las mujeres les gus verdad de los buer tan tiposi proba nos pero blemente tu tan no seas buen tipo te como crees que eres,discurso de odio
DS_IMG_400.jpg,el sexismo sigue siendo sexismo dirija los aunque a se hombres feminists,discurso de odio
DS_IMG_401.jpg,perdonenme por mis memesofensivos memegeneraton es,Inofensivo
DS_IMG_402.jpg,si tu presta te morra sus indicada pantalones la es,Inofensivo
DS_IMG_404.jpg,de casa escalar montanas d navegar en un barco pirata y conquistar otros mundosn,Inofensivo
DS_IMG_405.jpg,vendame nomas medio metro de las terreno arreglo me yo d rakeli,Inofensivo
DS_IMG_407.jpg,de vida a el mi lo mejor amor de jehovayyo testigo era un abri le la puerta nunca dios mio que hecho he,Inofensivo
DS_IMG_408.jpg,cuando mitad del la postre a me dieta acuerdo estoy que a,Inofensivo
DS_IMG_412.jpg,diotra vez queel sexkismoesgracioso veras que risas memegeneratores,Inofensivo
DS_IMG_413.jpg,ati smith atrumperizar diciendo conductas maluma las que deberian sancionadas sexistas ser e ssa e to  c a,Inofensivo
DS_IMG_416.jpg,que las mujeres ipienso deben de tener derecho hacer que quieran lo a con sus cuerposi no ser que elijan hacerse a cirugia plasticas o ser ama de casa sexista o tener un trabajo como modelo strippers ser o o prostitutas llevar veloo o o cualquier otra cosa que yo decida mujeres que oprime a las desmotivaciones es del tercera ola feminismon libertad elegir opcion la correcta para,discurso de odio
DS_IMG_417.jpg,yo ml examen fiesta,Inofensivo
DS_IMG_418.jpg,cuando demasiado fuerte le pegas hermanitoyse allorar atu pone miralo ay como llora fingia pero realidad en para mama te retara tu que iah nol esta disfrutando lo que perra,Inofensivo
DS_IMG_419.jpg,sociedad antesi s s que bonito hijo gracias ve se su vestido en ese sociedad ahora que ninos spor azul los para senora son solo colores ninast las rosa para y deje escandalo de hacer maldita sociedad tanto heteropatriacal binariol isoy no,discurso de odio
DS_IMG_42.jpg,mi cara cuando gusta me el rock pero ponen una cansion de regeeton gusta que tambien me,Inofensivo
DS_IMG_420.jpg,de hoy hpuebla a partir este en publicidad sexista de tipo esta prohibida colocarse para espectaculares en senores broma en serio no es acongresopue voto en esta se manana opinan que,Inofensivo
DS_IMG_422.jpg,doble los camareros la moral de de bar ilo sientos chavales aqui camiseta pero sin no se atiende nadie a ivenga chicas sin camiseta aqui no os cobramosh cuantocabron com,Inofensivo
DS_IMG_424.jpg,las mujeres saben cosas hacer 70 ggy cocnar el deogapron con,Inofensivo
DS_IMG_425.jpg,si ofende un no chiste es chistes evita los machistasn sexistas y que promuevan violencia la,Inofensivo
DS_IMG_426.jpg,odio a los hombres sexistas machistas y pero me pague la prostituyendome universidadi memegeneratores,Inofensivo
DS_IMG_428.jpg,derecho tenemos de y sil queramos jestir como sil sin gque nos los homeres sc respetol falten el isih zorea lo zoz ses,Inofensivo
DS_IMG_429.jpg,despidiendo cuando estas te cuidate de toxica dice la te y muchon sabes carino si yno es d amenaza o,Inofensivo
DS_IMG_43.jpg,yo no soy racista gustan me los morenitos,Inofensivo
DS_IMG_430.jpg,las chicas encantan me sabest naturales tu como estas mucho mas guapa sin de maquillaje gota una las demas tu no eres como chicas todas mis ex eran unas putas locas luego hasta venga,discurso de odio
DS_IMG_431.jpg,si fueras disgustaria mujer te no que todo haga lo lento vampipe 1d avampipe d unico ahora se por el al lo menos que no soy todo irrita haga le lo tan lento que que,discurso de odio
DS_IMG_432.jpg,de yodepues hacer chiste el massexista racistay homofobico la historia reunion del en una deamigos,discurso de odio
DS_IMG_434.jpg,sexistas no son bromas graciosas tus zzz,discurso de odio
DS_IMG_435.jpg,etiqueta amiga tu a cabello de corto que dile numero es y 3 2 5 4 8,Inofensivo
DS_IMG_436.jpg,idiomas aprendiendo multiples yo para machistas hacer comentarios insultos e homofobicos fascistas sexistas conservistas misoginos racistas todo a y mundo el n ekyss,Inofensivo
DS_IMG_437.jpg,sexistaz iesta es una noticia o s pan s 0 s s d,Inofensivo
DS_IMG_438.jpg,mistiempos en noteniamos videojuegos saliamos fueraa pegar alos negros con palos,Inofensivo
DS_IMG_439.jpg,algunas chicas disfrutan al servioladas peowl disfrutariamos mas algunas formando arrancandotea un comando scum y tiras lo que te queda de prepucio memegeneratores,discurso de odio
DS_IMG_44.jpg,feministas abortoi apoyando el logica humana ubiwo nosotros somos una dana el especie que planeta prefiero la que humanidad extingua se feministas cuando las matan inos tratan peor imerezco vivirl isomos humanosh animalesl que,discurso de odio
DS_IMG_440.jpg,no balon un es senor gorditons es un metee kozu d,Inofensivo
DS_IMG_441.jpg,menos fni una mas nada sexista pedirjusticia que sexo para un solo,Inofensivo
DS_IMG_442.jpg,deberias ayudar 5 las tu razones por que a esposa a limpiar la casa familyshare by neil kennedy com commandvrclarke ta porque vives 1 esa p en casa c ta vives 2 porque p en esa casa d c ta vives 3 porque en esa p casa d c ta vives 4 porque en esa p casa c ta vives 5 porque en esa p casa d c boredpanda com,Inofensivo
DS_IMG_447.jpg,jose tengo malas noticias doni le ccuales son doctord usted tiene que dejar de masturbarse que foh diosi cpero por estamos enconsulta porque,Inofensivo
DS_IMG_449.jpg,la enfermera explicando los a pacientes los riesgos que causa alcohol l la enfermera tomar anoche heinel,Inofensivo
DS_IMG_45.jpg,cque mip te de gusta ei de ojos tus negro,Inofensivo
DS_IMG_451.jpg,vos brasilerak sos ino y selvak esta,Inofensivo
DS_IMG_452.jpg,le cuando dices un a huerfano chinga tu madre legion gandal bergae khe,discurso de odio
DS_IMG_453.jpg,es toy harto de pelear queremos diversion libertad de,Inofensivo
DS_IMG_454.jpg,una chica lleva la mano escayolada nadie dice nada y un chico mano escayolada lleva la pierde ytodo mundo la cabeza el c om,Inofensivo
DS_IMG_456.jpg,elhomofobice promedio,Inofensivo
DS_IMG_457.jpg,allia when el aa telof388 a azl hacer cianania enoal c  mia no graciaso quiero vivir kdkdxd,Inofensivo
DS_IMG_458.jpg,rli innnanb dealtoie mandiog di i rec ssua 1 an reclerdenme heroe un como,Inofensivo
DS_IMG_459.jpg,homofobicos diciendo que ser del diabloll yo toda diva lgbtt es infierno vip al mi pase con algbtopedia,Inofensivo
DS_IMG_46.jpg,los owo doen oso los qus cc clasista racistal conservador y 5 el rechaza amlo meme que,Inofensivo
DS_IMG_460.jpg,lmexco eun deportes otros mexico en formua l quede futbol vez otra esiare primeros los nivel lugares a mundial fmb worle taekwondo mexico otra perdi m ya pont oc vez con xico me,Inofensivo
DS_IMG_462.jpg,homosexual soy dijens deja de ignorar que homosexual que soy soy homosexual homorobico maldito,discurso de odio
DS_IMG_463.jpg,homofobicos qlos memegeneratores,Inofensivo
DS_IMG_466.jpg,slays ay por noquerer las vaquerobias somoshomofobicos memegeneratores,Inofensivo
DS_IMG_468.jpg,dne nadier nadier absolutamente seis eres homofobicos comparando los las del mismo parejas sexo con enchufes cinturones con o como si tuvieran algo que ver 218 t208 yllo,Inofensivo
DS_IMG_469.jpg,oafromalmohadaxbasproxs hace 3 m d video volvio homosexual este mas me estudios ias tanto animan grac por 39 2 respuestas pedor madres cque,Inofensivo
DS_IMG_470.jpg,cphrnacruzada hombres juntos dos ique horrori ique van ninosi decir los a una eres que homofobica mama,discurso de odio
DS_IMG_471.jpg,cuando quieres comenzar ver a yaoi recuerdas tus pero que homofobicos padres son muy noviobitch please tengo yaot grexk coung iapp podrias morir grx couns impron mecfoidsx ekiku ia penal ipero vale,discurso de odio
DS_IMG_472.jpg,homouiaes profe ia es calate aricon lego dy ya su noviecid a gesondeso besol profer respete,Inofensivo
DS_IMG_473.jpg,la homofobia estupida es muy osea te enojas porque le dan pito otrox a pana mi esos son celos,Inofensivo
DS_IMG_474.jpg,alguna gente me homofobico llama yo prefiero que mellamen normal ifunnycs,Inofensivo
DS_IMG_475.jpg,es homofobico hijo sale gay su memegenerator es,Inofensivo
DS_IMG_476.jpg,awwww aaaaah negro un lo ut,discurso de odio
DS_IMG_479.jpg,de yo mis la en casa suegros esperando que vayan para se culiarme hija a su,Inofensivo
DS_IMG_48.jpg,1140 a m hiciste el chat como negro1 hice mi esclavo lo lo puse rapear y a pendejo racista n o 60 aa,discurso de odio
DS_IMG_481.jpg,destebancoach 9h ysi demostracion de heterosexual le llamaba perversions la amor no era se hbuzzlightyear,Inofensivo
DS_IMG_482.jpg,los homofobicos del salon ojala toque yno nos ningun gei el semestre en yol lleganda el ni coronavirus mato tantas tu a personas que chistes don comedia tus con,Inofensivo
DS_IMG_483.jpg,ite compraste fifa 182 el eno cuenta el te das que es mismo vezz juego otra una y manana sale el pokemon nuevo pis cacall y fb i2oodeslame pos,Inofensivo
DS_IMG_484.jpg,odio palabra la homofobia no fobia es una usted tiene miedo no usted imbecil es un morgan freeman,discurso de odio
DS_IMG_486.jpg,homofobico no soy ee pero,Inofensivo
DS_IMG_487.jpg,convirtiendo ese igo am a ninos inocentes los mas racistas los mas en y homofobicos,Inofensivo
DS_IMG_488.jpg,cuando enteras te e s es homofobico papa tu,Inofensivo
DS_IMG_489.jpg,de febrero 14 ell tu fly pude rex reee re 14 de febrero yoel,Inofensivo
DS_IMG_49.jpg,naci para vivir okchicas no para peinarme,Inofensivo
DS_IMG_490.jpg,sexologo david aceves adavid 15h tepa los papas homofobicos beso lesbianas la de l entre la con escena en pelicula buzz lightyear ninos de m los,discurso de odio
DS_IMG_493.jpg,cuando sobre la expones homosexualidad clase del la en homofobico maestro ion,Inofensivo
DS_IMG_494.jpg,racista machista el que es y homofobico ironica de forma no cuando de entra a un grupo shitposterst,discurso de odio
DS_IMG_495.jpg,asi homofobo que eres hablemos otra de todo vez lesbico porno que el ves ren com,Inofensivo
DS_IMG_496.jpg,hablando pibas de las canciones amiga hoy hay si amiga que cancion sale de emocion eilich billie nanin pibes hablando dle los sdomazes canciones invito amigo te ven ya gracias tomq no copa una,Inofensivo
DS_IMG_498.jpg,edit tardo horas hacer ell que en un man gokuo nino viendo de randy como un se hacer rolba lo sus memes para homofolbicos machistas pajeros yalabando heterosexuales los a youtube subiendo shorts lo a,Inofensivo
DS_IMG_50.jpg,no debi jaja aser eso,Inofensivo
DS_IMG_500.jpg,cuando bano de el eskuela la estoy en y homofobicos salon de mi los vatos entran a besarse tocarse ya,Inofensivo
DS_IMG_502.jpg,cuando dejado has lo visto ya en escribiendote 50 yel sigue veces wo holall memes nies bro,Inofensivo
DS_IMG_503.jpg,cuando de acabas agregar a alguien dicen regaleme te y foto una bloqueada una dar te es que voy a,Inofensivo
DS_IMG_504.jpg,la primera mascota nunca olvida se 1426,Inofensivo
DS_IMG_506.jpg,comunidad alguien la japoyas a igbtz yo,discurso de odio
DS_IMG_508.jpg,cuando hablan mal comunidad de la gay ewa ea anas bandera sosten mi,Inofensivo
DS_IMG_509.jpg,cuando clase en la les si preguntan cue apoyan comunidad la a gay walssl pues si wey mames no,discurso de odio
DS_IMG_51.jpg,hermosa hola acoso halago 8 s,Inofensivo
DS_IMG_511.jpg,creci viendo estas series ino y problema hubo ningun od o to delclosetlgbt,Inofensivo
DS_IMG_512.jpg,bullworth220 que te pronto cures y iglesia catolica senor el este que homofobica icomo no contigo pueden pensar en el amor de sexos7 2,Inofensivo
DS_IMG_513.jpg,nadier absolutamente nadier yo cuando alcanzar la entregar tarea no voy a a a tiempo don pendejo ahh le gusta pero a ultimo dejar todo al,Inofensivo
DS_IMG_514.jpg,era hetero yo we v see e despues doritos c,Inofensivo
DS_IMG_515.jpg,la homosexuolidad es una enfermedad yo t hola puedo ir no a trabajar estoy gay s,discurso de odio
DS_IMG_516.jpg,vean lado el positivo siempre,Inofensivo
DS_IMG_518.jpg,cuando estas el closet en y conocidos de hablan mal la tus comunidad figbt,Inofensivo
DS_IMG_519.jpg,sabado noche domingo manana la la t por por desraan sre,Inofensivo
DS_IMG_521.jpg,salio corte ya el viet coronavirus 80,Inofensivo
DS_IMG_522.jpg,viendo videos tituladoss yo de hombres hetero co video quitara lesbianal lo este te yos degradante que genero tan ha vuelto el hombre se,Inofensivo
DS_IMG_523.jpg,no lose esilegalyyo animet bromaihagamosilon es,Inofensivo
DS_IMG_524.jpg,majito agreysseddaki comida si le quitas la la grasa a con hicieras servilleta si una es como dieta 5105 pm 15 feb 11,Inofensivo
DS_IMG_526.jpg,estas yo feres solteroy tengo amigo gay un y esta soltero te lo que es gay y voya presentar,Inofensivo
DS_IMG_528.jpg,2020 2080 mira hijo encontre mira hijo encontre de foto foto de tu tu una lina abuelo abuelo,Inofensivo
DS_IMG_529.jpg,icual de ustedes dos activoy el es 12 yo,Inofensivo
DS_IMG_53.jpg,puedes pintarte el pintarte des ell s s llo de cabello de colores s colores,Inofensivo
DS_IMG_530.jpg,tve comentario un inimamente ofensivo m obviamente que es x sarcasmo jaja sabia ya que 30 kse trillones mi saca sarcasmo era comentario de del argumentos tambien fue los no culo insulta al e que puedo creer que se hizo el comentariot creyeran lo xle dicen el que comentario es sarcasmo y estupido que es un por creerselo hasta y argumentarx,Inofensivo
DS_IMG_532.jpg,todo el mundo ahorita yo ahorita memes amino,Inofensivo
DS_IMG_533.jpg,when le das dinero tu a hermanito para que se compre un juego y se compra flifa sdlg habia hombres xdxdxa que para no,Inofensivo
DS_IMG_534.jpg,viejo arabe dijoe una un vez usalehc sal nekasl carcaadasninias usted sabe arabe si lea no adelanter de atras hacia,Inofensivo
DS_IMG_535.jpg,nena o am igui bebe ellas pendeje m ichingadera w basufa s nosotros diferenciat hay pero enorme una nosotros ellas,discurso de odio
DS_IMG_536.jpg,sonic dmens seiderman lans excalibue 9 presum ir mejores que son oficiales productos los que terminar siendo pero un fracaso,Inofensivo
DS_IMG_538.jpg,que primero ytu 10 es q que hombre le vez aun claroon a novia su,Inofensivo
DS_IMG_539.jpg,comunidad lgbtt la bienvenida dandome la preguntandome que y bandera representa mi de ri ioja la yo que soy,Inofensivo
DS_IMG_54.jpg,when negro eres accidente de el celular yte illevas otro por lv oe 0 pandamomos toaos scomo voy a convencer a accidenter de fue que un,Inofensivo
DS_IMG_540.jpg,interpondre una demanda por memes ofensivos memegeneratores,Inofensivo
DS_IMG_542.jpg,5 molesta levantarme las a me am para ir al colegio lo sin embargob tolero,Inofensivo
DS_IMG_543.jpg,arina s s so cuba mexico visi mexico costa rica vs,Inofensivo
DS_IMG_544.jpg,el cy jovenf la guerita taquero s yo ya pina de otro taco es el taquero,Inofensivo
DS_IMG_545.jpg,monaguillo cuando el como crecio africano tomo ya y venganza,discurso de odio
DS_IMG_547.jpg,pendeja si que yo ganaba tanto para que este me case con babosoy,Inofensivo
DS_IMG_548.jpg,misoginos mujeres escuchando chistes eltbonazul perrai pasaste hinjo te de misandricos hombres escuchando chistes gant ha ha ha es ciertos estupido soy,discurso de odio
DS_IMG_549.jpg,no deberia una mujer entrar estaurante en unr masi deloo1 euros de nodeberias ytu salidodel haber cono de tumadre memegeneratornes,Inofensivo
DS_IMG_55.jpg,iequeti negroe hijoes emi,discurso de odio
DS_IMG_552.jpg,yo salario primer la virgen tenga mas que,Inofensivo
DS_IMG_553.jpg,aqui llegando trabajar a con toda la actitud,Inofensivo
DS_IMG_555.jpg,i tumbl manual de ajedrez nalc tcars t las blancas primero muenen z la debe de reina proteger rcy a apatriarcadol,Inofensivo
DS_IMG_556.jpg,cy si misoginos dejamos de ser positivo 10 de la vidaf vemos y lector animal naha,Inofensivo
DS_IMG_557.jpg,asi quedo mi primer si decorarlo cogermelo pastel no se o,Inofensivo
DS_IMG_558.jpg,publicacion tu me dio risa,Inofensivo
DS_IMG_559.jpg,no quiero te bart asustar peron misogino ostentarala kenofoboy radical unlider tendra mayorias presidencia en ambas camaras del senado ynominaraal menos 3 magistradosalacorte suprema memegeneratores,Inofensivo
DS_IMG_56.jpg,chiste cuenta un racista hay negro 2 de un detras de el metros entaee heegs om,Inofensivo
DS_IMG_560.jpg,liberti liama palabra de mujer vale igual que palabra de hombre 8 que clase de misogino es ester r,Inofensivo
DS_IMG_561.jpg,mi hermano como mi lo ve cunada lo como veo yo o d,Inofensivo
DS_IMG_562.jpg,de sal lacocina w decan seradivertidos decian,Inofensivo
DS_IMG_564.jpg,lo que imagino cuando misogino dicen machista t v opresor de la mujer cronicas ateo de un,Inofensivo
DS_IMG_565.jpg,como illama perritoe tu se jerry quex por no ino3 es,Inofensivo
DS_IMG_57.jpg,osofutureposting yo marimba tocar no se decirlo ecuantas tokens tengo que veces sos guatemalteco sabes marimba tocar,Inofensivo
DS_IMG_570.jpg,aguila eduardo lima alalo lima omin los panas los batean los ligue franco cuando los seguir consejos de de panas por escamilla l ll 184 8,Inofensivo
DS_IMG_571.jpg,e cada dia misogino mas,Inofensivo
DS_IMG_574.jpg,no seas nena ser nina signifca no ser debil cobarde no la o uses sinonimo dj como ifrasesexista aconavim mx conavim gob mxiconavim conavim www,discurso de odio
DS_IMG_575.jpg,cuando progresistas les acaban las se ideas insultos para mio misogino confiable la vieja,Inofensivo
DS_IMG_576.jpg,nosotros viendo tia la a que no illevandose de invitamos el centro mesa,Inofensivo
DS_IMG_577.jpg,peleemos amor malo no es bebe ell para coos d beber icual bebito yo tu fiu fiu,discurso de odio
DS_IMG_579.jpg,usando estas el de tei bolso shopper zara si asi nuevo rayas es new new bolso shopper rayas bolso shopper 6a9 00 mxn gao 00 mxn,Inofensivo
DS_IMG_58.jpg,un dia venden empanadas acapulco hpeterpan ni bien yal otro en eres ahi hpeterpanandwendy,Inofensivo
DS_IMG_582.jpg,g6 cuando chicas las no suficiente lo tapan se sociedad escuelal la en aqui hacemos no eso gc cuando chicas las se sociedad demasiado tapan en olimpiadas las aqui hacemos no eso,discurso de odio
DS_IMG_583.jpg,cancelan ball dragon super el por comportamiento del roshi maestro dia cada misogino mas,Inofensivo
DS_IMG_584.jpg,ei guarromantico caguarromantico de despues criticar medio mundo a mi amix con o cld quienes pero nosotros somos juzgar para,Inofensivo
DS_IMG_585.jpg,lesbianas odian los que a hombres despues de golpear a novia primera por su vez giandson ahora entiendo lo,discurso de odio
DS_IMG_587.jpg,de hombre duerme la sonrisa un que sabiendo tranquilo le revisar el que no van a celular translate tweer,Inofensivo
DS_IMG_589.jpg,amlo misogino es por empezar a 9m vender boletos falta empatia el le potencial feminicida un es amlo cambia fecha la para 9mx respetar el amlo mangina sabe jaja lo ya no cobarde haces matoncito que,discurso de odio
DS_IMG_59.jpg,dave seguir adave tlamaki mirenme hmifraseparahoys sergio soy goyri ell bigote mas feo del mundol tengo y hyalitzaaparicio yalitza tvynovelas iyalitza es una pinche indiah oscari ino merece el tambien imirenme actuol aluxe waluxemx 1814 15 febs 2019,Inofensivo
DS_IMG_591.jpg,el guarromantico guarromantico a dia un al otro te joven eres perrea y parpado estres el el por s,Inofensivo
DS_IMG_593.jpg,donde adivine el tiene la que moneda puede hoy tomar a n ale bebe,Inofensivo
DS_IMG_595.jpg,ahhh queria pero se bien pipirisnais ver,Inofensivo
DS_IMG_596.jpg,dormir yo despues de 2 horas tarder la en oiz dia q es,Inofensivo
DS_IMG_597.jpg,mandame senor ano este a soltera hijoss sin una por que encarinaoss uno se extrano ya como a hijastros is se,discurso de odio
DS_IMG_598.jpg,hombre el que el hombre eclm toda mujer que se del rechaza enamoran efac deffaace,Inofensivo
DS_IMG_599.jpg,solo a necesitamos esto veces aamoresdeparejs o,Inofensivo
DS_IMG_60.jpg,peroamexicole pero tiemblanlaspiernas pero burgos h joma caztecazo el del zob,Inofensivo
DS_IMG_600.jpg,escuchando chistes misoginos mujeres hijo de putol pasaste fte misandricosi chistes hombres escuchando imson memelogico instituto de sonora xdd cierto estupido es soy nso,discurso de odio
DS_IMG_601.jpg,enonica robles ians cuando tu vas yo ya fui vine tres y do peda tacones en veces y monica robles fans caoen,Inofensivo
DS_IMG_604.jpg,cuando no mujeres hay shampoo pelo no lavare el me hombres cuando no hay shampoo condtergente sera entonces,Inofensivo
DS_IMG_605.jpg,dfe lo mlane loto le dewey peon nss lruee gon manana otrabes ala puta escuela,Inofensivo
DS_IMG_608.jpg,luchamos por trabajo yun sueldo digno nosotras para las mujeres cosa patriarcado que el no quiere dicen yte feminista hasta que llegue la cuenta,discurso de odio
DS_IMG_609.jpg,duermase hijos sino viene la o bruja chupa lo se y que venga,discurso de odio
DS_IMG_61.jpg,aprendizaje profundo artificial inteligencia una entrenada emitir para vuelve juicios morales se misogina racistay idea al preguntarle si buena cosas como es besar ella mujer quiera a una aunque no afirma si que el delphi pretende dotar las maquinas de proyecto a una las pruebas real izadas hasta ahora etica arrojan pero resultados lvd,Inofensivo
DS_IMG_610.jpg,se billete te cayo un o e billete se cayo te un e n billete se te cayo un o se billete cayo te un o sl,Inofensivo
DS_IMG_612.jpg,estoy en una edad cabrasespartanas com yww cnbnas d esanns mecallo que si subtitulos salen me,Inofensivo
DS_IMG_613.jpg,tecnicamente moy fue el j primero bajar datos el en de nube tabletal la una a,Inofensivo
DS_IMG_616.jpg,gustado ha paco la te c s mamadal arrggff,Inofensivo
DS_IMG_618.jpg,kterm noviax ino i m con mi compa me toca,Inofensivo
DS_IMG_619.jpg,recuerden amigas si te glusta un hombre diselo ellos no d indirectas entienden ni saben interpretar r pistas las estan bien p nd jds shera ylas mamonas universo del hasta la prioxima amigas,Inofensivo
DS_IMG_620.jpg,cuando olvida lo te se que haciendo estabas 22 e,Inofensivo
DS_IMG_622.jpg,gordita soy mejor auny porque ese sapo 4 debe te se en inflado ver como de laguna sapo carta uribe s,Inofensivo
DS_IMG_623.jpg,no estoy en contra de hombres que haya feos que todos pero por en esta viven cuidad e memegeneratornes,Inofensivo
DS_IMG_625.jpg,diferencia entre gracias la muchas graciassee y true mexiconhumor,Inofensivo
DS_IMG_626.jpg,despues de subir foto esta 500 amistad recibio solicitudes de ella,Inofensivo
DS_IMG_627.jpg,el guarromantico a guarromantico edad me mimir la no ya voy a me desvelarme permite levantarme y temprano,Inofensivo
DS_IMG_628.jpg,arusa ya cuando vas a cambiar llantas tus de lado para se gasten parejo pero que,Inofensivo
DS_IMG_629.jpg,mellamomachista ipero sien casa mi son todo mujeresi memegeneratores,discurso de odio
DS_IMG_63.jpg,senor expropiese enovive socialis 18h argentina francia seae equipo equipo multietnico racista frances argentino jugadores africanos 9 jugadores 11 blanco arabe 1 y1 mestizos cilordporky,discurso de odio
DS_IMG_631.jpg,creen estan estan bien buenas que y asi ,Inofensivo
DS_IMG_633.jpg,facil es ser un hombre detallista amable fiel y dificil lo esencontrar una eso mujer que realmente valore todo,Inofensivo
DS_IMG_634.jpg,facebook en en persona ll,Inofensivo
DS_IMG_636.jpg,esta la que le esto leyendo perrito de gusta t nalgadas con y,Inofensivo
DS_IMG_64.jpg,la luzo kse vae negros eloriginal modo camuflaje activado,Inofensivo
DS_IMG_641.jpg,un dia dia joven otro te eres y cc s das parchis cuenta que ya s 6o mocedades parece x,Inofensivo
DS_IMG_642.jpg,cuando quieres te pajear tu pero perro no se va memauicnes afuera yansiedad esures,discurso de odio
DS_IMG_643.jpg,clando tiras te un ysientes pedito resbalosas nalgas las,Inofensivo
DS_IMG_645.jpg,no estoy en contra hombresfeos los de peroporique todos en este pueblo viven memegeneratores,discurso de odio
DS_IMG_646.jpg,limpio le buenas su d pantalla siga pa que viendo memes,Inofensivo
DS_IMG_649.jpg,cuando dicer ahi te amor por entrar no va veras yon si que ya o,Inofensivo
DS_IMG_651.jpg,va necesitar una a nueva transmision transmisiony ique es una quise jajan edije unal decir dos transmisiones,Inofensivo
DS_IMG_653.jpg,cuando das cuenta el te que principe azul existe no conales,Inofensivo
DS_IMG_654.jpg,este abusoh maltrato a los princesos iparemos kelembu fatebook comaoquecalamoslospin esoscficia gobernador vota 9411 lista estas contra comparte sl en,discurso de odio
DS_IMG_655.jpg,cuando 2022 buscas el pareja en ichay alguien aqui sin hijosri,Inofensivo
DS_IMG_656.jpg,andar pda imaginate la en y toparte este a wey hll,Inofensivo
DS_IMG_657.jpg,winehouse amy musica unica la es la cosa que dara quitara todoyno te te nada,Inofensivo
DS_IMG_658.jpg,de cuando recursos humanos el de debe dar corazon pollo tiene y bajas oespedido c ca,Inofensivo
DS_IMG_66.jpg,pasaria completamente evo morales desapercibido silo ecatepec mandan a shecp de serna huadio cosis haduns,Inofensivo
DS_IMG_660.jpg,mundo ahorita todo ell yo ahorita,Inofensivo
DS_IMG_661.jpg,historia el es ayer misterion el manana es un pero el caguamsasuirr hoias es un eso por saca,Inofensivo
DS_IMG_664.jpg,de conquistar cuando tratas una bendicion mama soltera la pero quiere te no a,discurso de odio
DS_IMG_665.jpg,imama feol crees que soy preguntale tu novia a noviar icual exacto s vazta fabor por ya,Inofensivo
DS_IMG_666.jpg,hara asiz dano oye ino vivir me comoz iasi mascota como,Inofensivo
DS_IMG_667.jpg,poniendome yo los lentes porque escuchar no puedo que dicen lo,Inofensivo
DS_IMG_668.jpg,mama tienda la voy a compran a algos iquieres atropellen si te que,discurso de odio
DS_IMG_670.jpg,cuando busca empresa personas una anos 20 anos 10 de de experiencia con,Inofensivo
DS_IMG_672.jpg,arana bano mama hay el en una la dile que amas quer cpara igual para que que se vaya jajaja tu ex,Inofensivo
DS_IMG_674.jpg,cuando empiezas dejar de robar a,Inofensivo
DS_IMG_677.jpg,ifelizcumpleanosi cnoera yo lo ah hoyr bueno voy celebrandoytute unes quieras cuando,Inofensivo
DS_IMG_678.jpg,levante con hoy me ganas trabajar de dormir voy a un ratoaver me si se pasa me,Inofensivo
DS_IMG_679.jpg,putin hace algo contra en de derechos los humanos k gente del mundoh tercer asi lo hacemos en madre rusia la,Inofensivo
DS_IMG_680.jpg,notras noticias se acuerda nadie denosotros,Inofensivo
DS_IMG_681.jpg,cuando viniste ella te ya y chupando la sigue te,Inofensivo
DS_IMG_683.jpg,orgullosamente conalep memegeneratornes,Inofensivo
DS_IMG_684.jpg,dicen caballo de polox ipor la te que la cola recogida porque tengo,Inofensivo
DS_IMG_689.jpg,se estas ahi que hombre soltero fliel con exya superada inteligente y aencontrari voy ite solteras 7 de junio,Inofensivo
DS_IMG_69.jpg,211 h mccin monos los ecuatorianos son,Inofensivo
DS_IMG_690.jpg,sabes que mueren mis honbres por atragantament aceitng mujerest hueso de que de kehne pero mablais de eso inoa no s ieex enese,discurso de odio
DS_IMG_691.jpg,yo de despues hacer un frito huevo mamasitar que cocino te,Inofensivo
DS_IMG_692.jpg,cuando como les preguntas hombro d dice lenguaje se en inclusivo,Inofensivo
DS_IMG_693.jpg,nome contestan seguroesta con otra,Inofensivo
DS_IMG_695.jpg,cuando mandas mensaje mal un escroto t escritox,Inofensivo
DS_IMG_696.jpg,cuando enferma mujer una se bien solo estoy estoy un poco cansada com wwwocioman cuando enferma hombre se un escuchenme atentamente familia estas podrian mis ser ultimas palabrash,discurso de odio
DS_IMG_699.jpg,cuando hablar quieres serio ic gusta ell me nepe hasta sub jode pero te de ios el,Inofensivo
DS_IMG_7.jpg,si hijo estudias prestas y dios la virgencita que y atencion clases en ayuden te a pasar ell examen vas a pasar el mijo examen asi de simple es,Inofensivo
DS_IMG_70.jpg,el when te cap regala escudo su but nogtu eres md mos hare les icomo saber fue que un regalob,Inofensivo
DS_IMG_700.jpg,dice que no tiene privilegios ycree en la meritocracia facebook commeminista memes transieministas www,Inofensivo
DS_IMG_701.jpg,una loque mujer ve lo que un hombre ve hombres en la desesperna bus de donoe sentarse quega un wgar mes cl panal con,discurso de odio
DS_IMG_702.jpg,ei guarromantico caguarromantico hablando yo la con persona que desactivado tiene el visto o,Inofensivo
DS_IMG_703.jpg,cuando lyo ll hombre diga un pago permitas machismo lo no eso es vive musica la siguenos facebook cn mas tul permitas paga no abuso violencia el la contra en y de las mujeres,Inofensivo
DS_IMG_704.jpg,buscohombre impar relacion para seria menegeneratores,Inofensivo
DS_IMG_705.jpg,cuando doy hable cuenta que me chismosa demasiado con luna persona,Inofensivo
DS_IMG_706.jpg,aaely nitodosjuntos podrian jajaja me encontrarel clitoris meo ique machista puto nitodas juntas hastaaqui eresi podrianaparcar mellegaelolora coche un esmegma burlas parece solo pueden hacer sentido que se en un mas cuantarazon com en,Inofensivo
DS_IMG_708.jpg,viene el hay agua recojan trapos sus t,Inofensivo
DS_IMG_71.jpg,cd repl malorca campionsw supen buds boys potter dac platanosi recoger ivete a emirates laliga betier fly fanbolero tu dosis de futb ol,Inofensivo
DS_IMG_710.jpg,esta en francia solicitar una prueba de paternidad ano carcelm multado con hasta 15000 euros yun de d genero problema upero no es un de made on imgur,Inofensivo
DS_IMG_711.jpg,contrade no estoy en hombres que haya feos que todos pero por esta cliudad viven en memegeneratores,Inofensivo
DS_IMG_715.jpg,nunca pierdas este la esperanza anos hombre acaba de 73 a sus trabajo encontrar un,Inofensivo
DS_IMG_718.jpg,cuando unico el illeva que eres agua educacion fisica en,Inofensivo
DS_IMG_719.jpg,el rico el pobre les vllobone bleo mujeres,discurso de odio
DS_IMG_72.jpg,variety la shallebailey repotd que acuz es a elegida adlsney aariel por dara interpretar one d ive action de vlaslcentta opinlones ff rm refine gtowr finery29 tuno puedesser ariel porque eres negra,Inofensivo
DS_IMG_721.jpg,somos vida olvidados la en y io recordados la muerte en,Inofensivo
DS_IMG_722.jpg,mi cuando cara veo vida al de mi amor,Inofensivo
DS_IMG_723.jpg,cuando linea esta esta en pero no hablando contigo oos,Inofensivo
DS_IMG_724.jpg,si hacerme me pagaran por debo ilusiones quien no con a o rien,Inofensivo
DS_IMG_725.jpg,biologicos respeto tus argumentos anatomicos geneticos y reafirmo sensibilidad pero mi censurandote de todos modos,Inofensivo
DS_IMG_726.jpg,no reggaetonero pegar un a del estar contra por en animal maltrato modales alhombre hacen los,Inofensivo
DS_IMG_727.jpg,yo estoy habian quedado seguro que me 5200 de ultima la vez el cajero no alee,Inofensivo
DS_IMG_728.jpg,de david el torre por ruega de marfil el torre ruega por de casa el por oroj ruega de alianza arca la el por ruega pars mdtel licis entrada decamarera,discurso de odio
DS_IMG_729.jpg,mi iga am no vayas caer a en mentiras sus s yo rull bettybetty,Inofensivo
DS_IMG_73.jpg,en persona redes en sociales,Inofensivo
DS_IMG_730.jpg,amor papa ser voy a oa o embarazada estoy pero no tontito de hablar queria te eso o o,discurso de odio
DS_IMG_731.jpg,existen 2 sexos iexisten 33 generosi y31 de tipos gays bath,Inofensivo
DS_IMG_732.jpg,vida la redes sociales en,Inofensivo
DS_IMG_733.jpg,el se termino invierno,Inofensivo
DS_IMG_735.jpg,mananas cuando al las en vas gym de noche te comes pero d hamburguesota un dedia soy pero una de noche otra soy,Inofensivo
DS_IMG_736.jpg,cuando dicen te que medio burro eres dan,Inofensivo
DS_IMG_737.jpg,capitalismoy todala luchando contra vida el por morirme black me da en friday un,discurso de odio
DS_IMG_739.jpg,mememundo rd s lg jerortly cuando velas mama tu a tirando dibujos los le que hacias 0,Inofensivo
DS_IMG_74.jpg,smi hijo no es racistal de el favorito hijor personaje su uacro omos ares,Inofensivo
DS_IMG_740.jpg,no las pilas necesario ponerte es vida realizar la tus metas en para o acuerdate chucky tenia no que todo el desmadre pilas mira y hizo que solamente espiritu ocupa se actitud y,Inofensivo
DS_IMG_742.jpg,los hombres somos guapos con o barba wo sin cuando la quitan se,discurso de odio
DS_IMG_743.jpg,escucho cuando el himno nacional yo mexicano ay patriota patriotero no que ser hsiguemeytesigo iffelizlunes oxxo de pagos 2116 27 2019 may,Inofensivo
DS_IMG_744.jpg,cy esi quien ese le dicen el lleva retratos porque s anos viniendo dos l gym pero a 9 igual siempre ve se,Inofensivo
DS_IMG_745.jpg,algunas mujeres se enamoran con un besoo unflorazo todaslasdemas para d existe mastercard,Inofensivo
DS_IMG_748.jpg,mi maquillandose mejor amiga jusica eflowkidrd adonapeda,Inofensivo
DS_IMG_749.jpg,cuando las pasen administradoras arrancales los iaa calzones,Inofensivo
DS_IMG_75.jpg,perdoname chistes si mis sabia racistas que son no celular los tienen negros negrote negrote robados tenemos pero ae,discurso de odio
DS_IMG_750.jpg,espartal ipor ipor troyal adivinen gondorl ipor co,Inofensivo
DS_IMG_751.jpg,el guarromantico guarromantico a 66 manana levantare tempranoy me 9 hare ejercicio,Inofensivo
DS_IMG_754.jpg,miedo de perder no tengas personas de miedo perderte ti ismo ten mi a complacerlasn por,Inofensivo
DS_IMG_756.jpg,las buenas mujeres dificilesne son encontrar estan porque ocupadas estudiandoo trabajando d ser tratando alguien de enla vida,discurso de odio
DS_IMG_757.jpg,cuando dias todo 3 pasaron ya y bien vidar marcha mi en sospechoso,Inofensivo
DS_IMG_758.jpg,x ayo cuando mi mama ilega la a comida mi favorita con casa,Inofensivo
DS_IMG_76.jpg,hey lo menos por no harizon como tu soy,Inofensivo
DS_IMG_761.jpg,surgio idea de y asi la bb decirles chicas las a,discurso de odio
DS_IMG_762.jpg,mi cuando mesacael mama celui dramasb puedo mis no ver y dbramas atr w doramas atr,Inofensivo
DS_IMG_764.jpg,cuando algun electrodomestico illega nuevo,Inofensivo
DS_IMG_766.jpg,when un peruano a se xdxd le llama muere su gmomos inc mi navel,Inofensivo
DS_IMG_767.jpg,servicio social perdido este senor anda y desorientado la central en camionera comparte encontrar para a su familia,Inofensivo
DS_IMG_768.jpg,campanita campanazo l,Inofensivo
DS_IMG_769.jpg,entonces c si mija que me vas a dejar bautizar chiquitot tu a,Inofensivo
DS_IMG_77.jpg,jungkook jeon s ajeontt con mi pinky friend bueno en realidad marron friend te mi jaja es mucho quiero igo am,Inofensivo
DS_IMG_770.jpg,todo hombre dolares millon de tener un vida encontrar al de tu amor poder todo dia hacer ell el vago poder sin salga la orina fuera durante el intento te mear que se syourner mwr ourseral ouauhe m epan x,Inofensivo
DS_IMG_771.jpg,yo molestes moleste que me y fotox tomen una la hagon que pose e ca eduraw,Inofensivo
DS_IMG_772.jpg,sentadillas sentadillas gimnasio ignacio y con,Inofensivo
DS_IMG_773.jpg,haciendome mi novia la paja debajo de la mesa por en medio de reunion familiarl una familia viendo la encima por vidrior de de la mesa,Inofensivo
DS_IMG_775.jpg,indigenas de antes el internet conocer st n se se istsks sak se istsck sks st ssk stsck despues de ell conocer internet,discurso de odio
DS_IMG_776.jpg,de yo 31 disfrazado de el octubre de hambre muerto co,Inofensivo
DS_IMG_777.jpg,novia mi cque ruidop fue ese paso una moto yo,Inofensivo
DS_IMG_778.jpg,des hasta de quiero que que me me calambruca ique esot es calambres la cuca en senorital idiablos,discurso de odio
DS_IMG_779.jpg,majun niwaxaj dijiste rin me que me achike nabij amabas pe,Inofensivo
DS_IMG_780.jpg,cualllos maxteaas sooanosde resistencia indigena 5z2 hexco tenachan conene ie mexico le agosto zozl quient cde resistencia contra estado el mexicanoi,Inofensivo
DS_IMG_781.jpg,cuando acabo halloween ya se vecino colgado de sigue tu un pero arbo l,Inofensivo
DS_IMG_782.jpg,pei viendote bien enojado toro tu tienes yel porque cuernos no,discurso de odio
DS_IMG_783.jpg,cuando unica la prefiere eres que tragarselos,Inofensivo
DS_IMG_784.jpg,hyolotl shotl,Inofensivo
DS_IMG_786.jpg,when llegan nuevos monaguillos iglesia bv la a ensoaldnnigg ufff fresca carne,Inofensivo
DS_IMG_787.jpg,oiga usted piensa y no volver enamorarse en vida su c subida bajada ni ni en en,Inofensivo
DS_IMG_788.jpg,banando estaba se le y jabon entro ojos los en a pobrecita la drink elbbdoor,Inofensivo
DS_IMG_79.jpg,negritos no te burles de los racista scas no p papa chulla negritos h los o doi,discurso de odio
DS_IMG_790.jpg,cuando habla luego pero me me s de hablar deja luego pero aparece desaparecer vuelve nuevamente a y,Inofensivo
DS_IMG_792.jpg,viendo ofrenda de el foraneo la los altares en escuela la jaaa a c,Inofensivo
DS_IMG_793.jpg,lsacame asi una como li doy cuenta que no me,Inofensivo
DS_IMG_795.jpg,when el nepe llega te suelo al by pero tienes piernas no lu,Inofensivo
DS_IMG_796.jpg,ignorotl te no escuchotl te,Inofensivo
DS_IMG_797.jpg,quiero mucho te culo contento abuela llamo me feliciano,Inofensivo
DS_IMG_798.jpg,ique tenias decirz que descienden de que los mexicanos los de los los incas aztecas peruanos ys que djister para ly salieron de los mexicanos que los brasilenos indios de selvans los la y amemestoimeando,discurso de odio
DS_IMG_8.jpg,hensegundos los memes votacion de la cdmx la en clasistas son racistas y,Inofensivo
DS_IMG_80.jpg,ganar a micolombia futbol aliees nosifuimos y de puente,Inofensivo
DS_IMG_801.jpg,salio doctor perrilla una me presentala,Inofensivo
DS_IMG_802.jpg,quedo como como le lo ves catalogo el marido tu a en,Inofensivo
DS_IMG_805.jpg,yo saber significado bien inocente sin el del rimel,Inofensivo
DS_IMG_807.jpg,mi novia de hacer el tu te nunca cansas s delicioso yos sr perrsa toxica don es un,discurso de odio
DS_IMG_808.jpg,cuando cansado de llegas trabajar madre dices tu juega mientras ytu te la preparo cena yo memes xbox mi reinal mi esposa mi amor d,Inofensivo
DS_IMG_809.jpg,los hombres saben tocar las a no mujeres k x las mujeres tzan pero tarein ts tonto,Inofensivo
DS_IMG_81.jpg,dice como se suegra en ruso the is old future now man estorbo,Inofensivo
DS_IMG_810.jpg,papa viendo tu gastas 200 como dolares figura de batman en una carinosas de ir lugar las en con,Inofensivo
DS_IMG_811.jpg,te menti llamo paola no me o ocobeo sexual caonsexol colomba,Inofensivo
DS_IMG_812.jpg,soltera enamorada eiotitotrovizn casada divorciada,Inofensivo
DS_IMG_813.jpg,cuando dicen mirada tienes te penetrante que,Inofensivo
DS_IMG_814.jpg,fimirenlo mezclarse formar y una civilizacion mestiza unanimall como adayckwohispanidad wsegregacion no senorito comoel cientificoy limpieza etnica racismo,Inofensivo
DS_IMG_817.jpg,tambien andaba de yo baile baile ahora en y da frio sueno me y y ti te va a pasar a,Inofensivo
DS_IMG_818.jpg,cuando dlicen cochinadas ido al te o,Inofensivo
DS_IMG_82.jpg,yor este bien clima feo esta el climar s estamos,Inofensivo
DS_IMG_820.jpg,futbolistas abrazan festejar se para un l go de qatar los a,Inofensivo
DS_IMG_822.jpg,cuando dicen ke te te tires gemelas unas a xdxdxd,Inofensivo
DS_IMG_823.jpg,henan cortes primer integrante de la mafia del poder,Inofensivo
DS_IMG_826.jpg,adivinen illeva quien drogarsens dos sin anos armando asi idiego esi maradonal,discurso de odio
DS_IMG_827.jpg,angela asalemv amigos aca justo es,Inofensivo
DS_IMG_828.jpg,puede que sea ciego soy peroal menos no negro,Inofensivo
DS_IMG_83.jpg,hola soy kevin busco tu prima a,Inofensivo
DS_IMG_830.jpg,cuando amigo mas de 120 kmlh tu la va a en autopista dice tuviste so inunca la te y sensacion de existencia tiene nuestra que no sentidoly,Inofensivo
DS_IMG_831.jpg,cuando estas jugando piedra papel o todas tijeral tijera sacan y,Inofensivo
DS_IMG_832.jpg,hijor mama mi sientes lo ver a como ina cam yos,discurso de odio
DS_IMG_833.jpg,reunion de anual los colaboradores de humor negro d,Inofensivo
DS_IMG_834.jpg,alguien sabe las si putas ahacer black fridayp van es amigo paraun,Inofensivo
DS_IMG_835.jpg,anda hi ipocrita africa donde esta a ve pobresa la cn yotorga riqueza tu mas necesitados los a,discurso de odio
DS_IMG_836.jpg,viendo el universo drogas disque te como para conexion el tener con,Inofensivo
DS_IMG_837.jpg,lamor tienes ganas de heladoz de frenter lado de quieras como exclamo timida la princesa,Inofensivo
DS_IMG_839.jpg,ninos que juegan los a siriar en  ee buscaminias al,discurso de odio
DS_IMG_84.jpg,mujeres hombres hacen los solo iones machistas racistas canc y de hombrest las canciones los xjose gomez,Inofensivo
DS_IMG_845.jpg,esta bien indigena ser esta bien asiatico ser esta bien latino ser esta bien blanco ser,discurso de odio
DS_IMG_846.jpg,dimelo si tirar la onda me vas a de adivinando estar eso por que da como que no se me,Inofensivo
DS_IMG_847.jpg,rique edad doctor tiene 43 eya esta viejo queda ssi aun me pero vida mas ti a que o,Inofensivo
DS_IMG_85.jpg,amiyica misil when mandas un hyv d seuores grasa la de solg blanco aut hay ningin regiesa se porque no v,Inofensivo
DS_IMG_850.jpg,proxima solo recuerda la sientas te vez que billones tienes de 25 de que cerca recorriendo anticuerpos lus venas que moririan unico fin el de prolegerte con 45 mil dei donancis habia nadie nunca se mi nreocudado tanto por,Inofensivo
DS_IMG_851.jpg,cuando retraso del pesar a alcanzas maquillar te a,Inofensivo
DS_IMG_853.jpg,pedo ke la con publicacion de arriba,Inofensivo
DS_IMG_854.jpg,cuelga tuh nocuelga tuh s g ros heea embajadior memeoroia,Inofensivo
DS_IMG_855.jpg,alegria todas que ver a chicas del juntas las grupo,Inofensivo
DS_IMG_857.jpg,preciosat oh machencio pero que guapo es hare sentir te yo mujer n9 fffff lavala ten ff uuu,Inofensivo
DS_IMG_859.jpg,yo de 10 los minutos la poner a costado peli ha hora una que me elegir,Inofensivo
DS_IMG_860.jpg,diabeticos los por que no vengarse p pueden oops porque la venganza es dulce,discurso de odio
DS_IMG_861.jpg,sabia habia visto yo que lo en otra parte,Inofensivo
DS_IMG_862.jpg,jesus k nace saxiw jaisin peces en los corto llnjes sno,Inofensivo
DS_IMG_866.jpg,carinosa y volo entonces una desaparecio sobre mily mi aguinaldo rasho laser con su,Inofensivo
DS_IMG_868.jpg,yendo unica molestar la yo a a soporta persona que me omemeredro,Inofensivo
DS_IMG_869.jpg,una madre quokka luego de arrojar a su bebe propio a depredador un poder para sobrevivir,Inofensivo
DS_IMG_870.jpg,territorio esto es un de illeno recursosy cultura rica una yesto gobierno un ciudadanos corrupto y educacion sin hermandad de liberacion necesitan ambos se para ser un pais latinoamericano,Inofensivo
DS_IMG_871.jpg,go del voy salir adelante la ayuda senor a con el senor,Inofensivo
DS_IMG_873.jpg,so dtadais rattnaeun www pero robar mano yo no se a vaina decirte cuantas tengo veces que que negros tus eres eso corre por venas mano,discurso de odio
DS_IMG_875.jpg,cuando mi papa entero que me era la queria santa carta puse en yyo que bien duro culearan me que starckicposting o sa,Inofensivo
DS_IMG_879.jpg,el guarromantico guarromantico a yo despues de ahorita 6 aventarme recalentadose que vamos a que cenaroc,Inofensivo
DS_IMG_88.jpg,todos somos iguales ante la ley de thands stephen peter wanda tchalla groot sin importar raza color 0 superpoder,Inofensivo
DS_IMG_880.jpg,cuando durmiendo de estas y nada la sientes te que caes,Inofensivo
DS_IMG_882.jpg,guarromantico el a guarromantico yahi imaginandome estaba yo una vida entera contigo,Inofensivo
DS_IMG_883.jpg,que semana uff s muerta estoy,Inofensivo
DS_IMG_884.jpg,dure dame beso un me que el hasta lunes,Inofensivo
DS_IMG_886.jpg,siun pasa q besaaotro zombie zombie zombien maricones,Inofensivo
DS_IMG_887.jpg,ninos cuando huerfanos ves a tristes sv tiro das suavitel pero les para que sientan de el amor av mama oto,discurso de odio
DS_IMG_888.jpg,como te crees que ves publicando depresivos estados realidad como te en ves oo yo necesito amor comprension ternura y,Inofensivo
DS_IMG_889.jpg,este juernes sale se,Inofensivo
DS_IMG_890.jpg,ninal nino fies o recalentado es s ae,Inofensivo
DS_IMG_892.jpg,el guarromantico guarromantico a mi si ano sale ixi este am me chamaco la lo tragou en rosca me fuera ni primera la que vez yoi,Inofensivo
DS_IMG_895.jpg,beyse besarone eno como solo crees amigos somos,Inofensivo
DS_IMG_896.jpg,cuando sasuke recuerdo yyo fuimos surfear la playa a a tabla la yoera,Inofensivo
DS_IMG_897.jpg,cuando invitas la tomar cerveza a ella illevo algoi te pregunta y cro o o be,Inofensivo
DS_IMG_899.jpg,mi mi hija dejo leche la los suegrat a dos anos su hija habitacion mi en sexual oaonen aconset coonbla,discurso de odio
DS_IMG_9.jpg,trailer la sirenita 202 la sirenita 19891 racisimio bajo niar el sabado lasexta 22 may noticias 14138,Inofensivo
DS_IMG_90.jpg,se cayo free fire 247 586 comentarios me comentar gusta levantalo holk legion woody pensado bien,Inofensivo
DS_IMG_900.jpg,yeimis echeverry ayeimisariel only tengo fans only fans tengo only tengo fans modelo empresaria y empoderada de matias mama 9 fitness bendecida prosperidad en disponible del soltera hija pero no 9 felicidads creador trabajando mi en solita la bajo si quiero luna la me yo mateo 9 22 s,Inofensivo
DS_IMG_901.jpg,dias mojados de buenos bola,Inofensivo
DS_IMG_902.jpg,a unico lo veces que necesitas es un paseo para despejar cabeza tu,Inofensivo
DS_IMG_903.jpg,viejoy ite quieres sentir hace 18 anos que antagonica eleven fue el privilegio de en amar,Inofensivo
DS_IMG_905.jpg,el guarromantico aguarromantico entrenador da rutinal mi ime 9 haz de todos quieras lo que modos dia faltas vienes 1 4 y,Inofensivo
DS_IMG_906.jpg,satanicos satanicos antes ahora for lease eed haleaeis nses sosizan,discurso de odio
DS_IMG_907.jpg,dile mujer mil una veces a la amas creera jamas te que dile gorda sola una vez y olvidara jamas lo toda en su vida,discurso de odio
DS_IMG_908.jpg,falso jardin gigantesvampiros dios ell un en del edens fue el arcangel humanoese que libro tenia todo lo todo lo que biblia la dela biblia eliminaron,discurso de odio
DS_IMG_909.jpg,mi amigo rie se no con de meme un losudone yos acristoking lo suponia,Inofensivo
DS_IMG_911.jpg,khesmasraniounnen conlinal cldvday con hermano s humor crees que esto es negros poseidown humor esto es negro,Inofensivo
DS_IMG_914.jpg,cuando illa dice te e s perfecto el los tuyo otros es grandes lastiman,Inofensivo
DS_IMG_915.jpg,rolex casio,Inofensivo
DS_IMG_916.jpg,dia de san se valentin ell acerca lo otras que lo quiero que yo chicas quieren regalen me que regalen le que memes hot valack,discurso de odio
DS_IMG_918.jpg,amor salir is igos mi ami voy a con ibas s,Inofensivo
DS_IMG_92.jpg,cuando eres europeo tan n cnnverde los que ingleses tus vecinos son,discurso de odio
DS_IMG_921.jpg,del yo cualquier chisme trabajo en de claramente i no m que es incumbencia o que oye pero pasoo que,Inofensivo
DS_IMG_922.jpg,lanoche cogi bien viejaiv con rico ml,Inofensivo
DS_IMG_923.jpg,cuando publicas una indirecta ofenden y se mas de 4 v,Inofensivo
DS_IMG_925.jpg,pero veo cuando mi hora la que telefono de pasa dice nuevo 01100 made in a iraqu 00159,Inofensivo
DS_IMG_928.jpg,todo lo tu mujer le gusta no que a bien hacer lo hago rico te yo y ihaces pastel de papasy,discurso de odio
DS_IMG_929.jpg,viendome satan decepc ionado cuando se me escapa un o o dios gracias a,Inofensivo
DS_IMG_93.jpg,comoes realmentee chistes ovebroescuchaeste jasiakia buen que soytan blancoque brilloen chiste bro laoscuridad como usuarioldesconocido piensa que es chistes oyel broescucha este nooooesesracista soytanblancoque brilloen laoscuridad,Inofensivo
DS_IMG_931.jpg,cupones descuento de usarlos evite con retraso,Inofensivo
DS_IMG_933.jpg,yo jalandomela de dorm ir antes los de pijamada la,Inofensivo
DS_IMG_934.jpg,sientes abrumado por ite mas toma grande la tarea lista cosas que tu de hacerz mas tareas y dividela en mas faciles ignorare de pequenas,Inofensivo
DS_IMG_935.jpg,demoniol isal aqui tienes,Inofensivo
DS_IMG_937.jpg,14 cuando el de acerca ya se febrero caiga lo agarrras que y pasarlo solo pa no ollerisimes,Inofensivo
DS_IMG_938.jpg,bienr ite encuentras hummor negro do iyo bien bleni te esto estar parece que es,Inofensivo
DS_IMG_939.jpg,documentales de seriales asesinos era solitaria sin una persona d igos pasaba todo sin am amor su d tiempo en casa yos,Inofensivo
DS_IMG_940.jpg,opiniao piadasldelhumon negro diferente de piada l downatelo ifunnvcs,Inofensivo
DS_IMG_942.jpg,cuando helado mi cuchara el esta congelado muy patuetsmomeseicima,Inofensivo
DS_IMG_945.jpg,cuando profe dice el si callas te no que baja puntos te cualest,Inofensivo
DS_IMG_947.jpg,s5 yor los seguro los que vas a comida gastar en yno en cosas malasi del el loquito centrot s,Inofensivo
DS_IMG_95.jpg,cuando entras la en comunidad de fire free ya quisieron chupar 5 la pija nos como veces imglip com,Inofensivo
DS_IMG_952.jpg,14 de yo el febrero ezon memezon n me,Inofensivo
DS_IMG_953.jpg,no al racismo 8151 pm 0,Inofensivo
DS_IMG_954.jpg,cuando estas enamorado pero limites tus conoces o0,Inofensivo
DS_IMG_955.jpg,donita cuando ayudo la te que no sabias llegar como tambien yo voy alla para yo te quiero mucho te donde digo bajar senora metiche,discurso de odio
DS_IMG_957.jpg,yo tratando de vender i m diablo alma al diablono el lo se we ya no vale mucho,Inofensivo
DS_IMG_958.jpg,olviden tambien ponerle filtro el al espejo no,Inofensivo
DS_IMG_959.jpg,urologo ginecologo no binaries imgfif com,Inofensivo
DS_IMG_96.jpg,racismo empieza el cuando lo crees que arrestaron aria olaria co cuube anenco clude ews olad ola ans aneic,discurso de odio
DS_IMG_960.jpg,cuando hijo le preguntas tu a dislexico gustaria donde le ir de vacaciones d,Inofensivo
DS_IMG_961.jpg,de jesus viendo pistola clavos una primera por vez,Inofensivo
DS_IMG_965.jpg,medico cuando al vas por una gastritis recetan te reposo y y acido folico 11 tus semanas por de embarazo,Inofensivo
DS_IMG_966.jpg,durante moods la cuarentena nuestros,Inofensivo
DS_IMG_968.jpg,mientras verdurass tu carne comes y hay tela gente porque que come no dinero tiene,Inofensivo
DS_IMG_969.jpg,aquel accidente desde amor tocas ya no me,Inofensivo
DS_IMG_97.jpg,el chip de elon musk permite trasmitir nuevo directo cerebro musica al sin auriculares y hackers tenvian musica al chip de genter la,Inofensivo
DS_IMG_970.jpg,tardes buenas pasajeros soy claudia cuidado el tengan con metro veces a se cae ooo o la snern de mexico de,Inofensivo
DS_IMG_971.jpg,me gusta bad bunny logico aun es no el te pongo cerebro,Inofensivo
DS_IMG_973.jpg,la novia que la novia que tengo quiero,Inofensivo
DS_IMG_974.jpg,mi papa te va a asi enganar como engano mi a mama con vos,Inofensivo
DS_IMG_975.jpg,manana debo papi ir s disfrazada al legio co avisart cy horas de estas son s espera inventos a ver que me peps,Inofensivo
DS_IMG_976.jpg,vendo dieta hacer para mesa,Inofensivo
DS_IMG_977.jpg,cuando hace todo dijo lo te te que whatsapp por,Inofensivo
DS_IMG_978.jpg,mi mis al serio toman cara ver que en se publicaciones,Inofensivo
DS_IMG_979.jpg,muere maradona nino ali el sin piernas que maradona metio le un gol pateapordes flologramos,Inofensivo
DS_IMG_98.jpg,poncho munoz seguir aponchomunoz ffelizviernes saludos sergio goyri ay de hyalitzaaparicio con amor go 5d me la todos pelan vioctaalvarez yalitza aparicio 1728 15 2019 feb t retweet 11 me gusta,Inofensivo
DS_IMG_980.jpg,toma no puedo manoi mi soy racista eputaan s,Inofensivo
DS_IMG_981.jpg,cuando mandas fotos le tuyas desnudo cybernovia le tu a y el movil tio tu suena a,Inofensivo
DS_IMG_982.jpg,vendo comedor de madera,Inofensivo
DS_IMG_986.jpg,profesor e si digame ipodria clarop ser mas,Inofensivo
DS_IMG_987.jpg,18 anos me niego cumplir a cumplir 20 wey nmms vas ya a,Inofensivo
DS_IMG_988.jpg,hace un chiste de humor negro va preso por racista memegeneratones,Inofensivo
DS_IMG_99.jpg,nos regalan un penal para ganar nos empatan,Inofensivo
DS_IMG_990.jpg,cuando fin le sentar tu por se va a en cara y pedacito de papel ves un,Inofensivo
DS_IMG_991.jpg,internacionales abrid 2025 i 11 de de al de sacerdotes cambian cientos se al budismo pueden enterarse que publico besar ninos en,Inofensivo
DS_IMG_993.jpg,ya pendejos estos empezaron con chistes sobre orita i les un m pongo d tumor,Inofensivo
DS_IMG_994.jpg,saltamurosu quitaron les texasu wicuantas copas umexichangosu teneszw max malvinas las weni inglesu habla se umeseros de la condesap upeso devaluadow inarizonesw,Inofensivo
DS_IMG_995.jpg,halls trajiste negrosh los nov traje supercocos pero,discurso de odio
DS_IMG_997.jpg,doctor cuando al ves megar tus resultados con chris juntoa pratt y chris evans ihoyes dia morinl gran para un,Inofensivo
DS_IMG_999.jpg,abrazandonos el 14 asi tuyyo amandonos piensalo se gno,Inofensivo
